id,profile,tech_nm,capacity_bytes,width_bits,ports,area_ratio,access_ratio,cycle_ratio
vgpr_small-32nm-0RW-1R-1W,vgpr_small,32,8192,1024,0RW-1R-1W,1.0,1.0,1.0
vgpr_small-32nm-0RW-2R-1W,vgpr_small,32,8192,1024,0RW-2R-1W,1.9297491082910732,1.255953247684226,1.318457532916794
vgpr_small-32nm-0RW-1R-2W,vgpr_small,32,8192,1024,0RW-1R-2W,1.9152694538131174,1.255953247684226,1.3191799769379036
vgpr_small-32nm-0RW-2R-2W,vgpr_small,32,8192,1024,0RW-2R-2W,3.1473382185232817,1.5318159925626407,1.6720581097497678
vgpr_default-32nm-0RW-1R-1W,vgpr_default,32,32768,1024,0RW-1R-1W,1.0,1.0,1.0
vgpr_default-32nm-0RW-2R-1W,vgpr_default,32,32768,1024,0RW-2R-1W,1.852528280122864,1.2780459694104087,1.3224525623881915
vgpr_default-32nm-0RW-1R-2W,vgpr_default,32,32768,1024,0RW-1R-2W,1.8420988242284957,1.278728519739639,1.3228247227405376
vgpr_default-32nm-0RW-2R-2W,vgpr_default,32,32768,1024,0RW-2R-2W,2.960029885830883,1.5909020056115555,1.6796751681779798
vgpr_large-32nm-0RW-1R-1W,vgpr_large,32,65536,1024,0RW-1R-1W,1.0,1.0,1.0
vgpr_large-32nm-0RW-2R-1W,vgpr_large,32,65536,1024,0RW-2R-1W,1.7985319043189032,1.2858410012663344,1.3172042381314757
vgpr_large-32nm-0RW-1R-2W,vgpr_large,32,65536,1024,0RW-1R-2W,1.7909269902764149,1.2863237793091293,1.3174969267693029
vgpr_large-32nm-0RW-2R-2W,vgpr_large,32,65536,1024,0RW-2R-2W,2.829104487122303,1.6110533182369406,1.6700111221682374
sgpr_small-32nm-0RW-1R-1W,sgpr_small,32,128,32,0RW-1R-1W,1.0,1.0,1.0
sgpr_small-32nm-0RW-2R-1W,sgpr_small,32,128,32,0RW-2R-1W,1.752452699536472,1.0016467468083448,0.978796068004692
sgpr_small-32nm-0RW-1R-2W,sgpr_small,32,128,32,0RW-1R-2W,1.712919988419259,1.003692179686078,0.9812501883189275
sgpr_small-32nm-0RW-2R-2W,sgpr_small,32,128,32,0RW-2R-2W,2.634633579971287,1.0466202688530843,1.0276124900385781
sgpr_mid-32nm-0RW-1R-1W,sgpr_mid,32,512,32,0RW-1R-1W,1.0,1.0,1.0
sgpr_mid-32nm-0RW-2R-1W,sgpr_mid,32,512,32,0RW-2R-1W,1.7311229057740538,1.0653428377460963,1.0743745295133509
sgpr_mid-32nm-0RW-1R-2W,sgpr_mid,32,512,32,0RW-1R-2W,1.6999302542997483,1.0658095723014256,1.07495903998583
sgpr_mid-32nm-0RW-2R-2W,sgpr_mid,32,512,32,0RW-2R-2W,2.648783407448445,1.248783661461869,1.2027808528539166
sgpr_default-32nm-0RW-1R-1W,sgpr_default,32,2048,32,0RW-1R-1W,1.0,1.0,1.0
sgpr_default-32nm-0RW-2R-1W,sgpr_default,32,2048,32,0RW-2R-1W,1.7091135754904172,1.118542450326541,1.128084046486102
sgpr_default-32nm-0RW-1R-2W,sgpr_default,32,2048,32,0RW-1R-2W,1.6990911878192558,1.1188470680543696,1.1284760543503827
sgpr_default-32nm-0RW-2R-2W,sgpr_default,32,2048,32,0RW-2R-2W,2.6490631309187043,0.926674820575543,0.9981002695807929
lds_small-32nm-1RW-0R-0W,lds_small,32,512,32,1RW-0R-0W,1.0,1.0,1.0
lds_small-32nm-2RW-0R-0W,lds_small,32,512,32,2RW-0R-0W,2.145473710576301,1.090342365894123,1.106932918395574
lds_default-32nm-1RW-0R-0W,lds_default,32,4096,32,1RW-0R-0W,1.0,1.0,1.0
lds_default-32nm-2RW-0R-0W,lds_default,32,4096,32,2RW-0R-0W,2.0649517127626513,1.5889806085574951,1.5952319867379763
lds_large_bank-32nm-1RW-0R-0W,lds_large_bank,32,16384,32,1RW-0R-0W,1.0,1.0,1.0
lds_large_bank-32nm-2RW-0R-0W,lds_large_bank,32,16384,32,2RW-0R-0W,2.0197474700207114,1.2023605806227184,1.2002298498947899
vgpr_small-22nm-0RW-1R-1W,vgpr_small,22,8192,1024,0RW-1R-1W,1.0,1.0,1.0
vgpr_small-22nm-0RW-2R-1W,vgpr_small,22,8192,1024,0RW-2R-1W,1.9316378443749331,1.3054996431255403,1.3810080973963172
vgpr_small-22nm-0RW-1R-2W,vgpr_small,22,8192,1024,0RW-1R-2W,1.908994187915559,1.3054996431255403,1.3817685320387614
vgpr_small-22nm-0RW-2R-2W,vgpr_small,22,8192,1024,0RW-2R-2W,3.118726750386537,1.672793326258785,1.8160127434433846
vgpr_default-22nm-0RW-1R-1W,vgpr_default,22,32768,1024,0RW-1R-1W,1.0,1.0,1.0
vgpr_default-22nm-0RW-2R-1W,vgpr_default,22,32768,1024,0RW-2R-1W,1.853940342478365,1.3438651317280752,1.3819296361659148
vgpr_default-22nm-0RW-1R-2W,vgpr_default,22,32768,1024,0RW-1R-2W,1.8375989688823422,1.3445421327345097,1.3823125477575846
vgpr_default-22nm-0RW-2R-2W,vgpr_default,22,32768,1024,0RW-2R-2W,2.9342570429018595,1.7383239993834454,1.8162602981945293
vgpr_large-22nm-0RW-1R-1W,vgpr_large,22,65536,1024,0RW-1R-1W,1.0,1.0,1.0
vgpr_large-22nm-0RW-2R-1W,vgpr_large,22,65536,1024,0RW-2R-1W,1.7994031495957143,1.3524420519863432,1.376957556305683
vgpr_large-22nm-0RW-1R-2W,vgpr_large,22,65536,1024,0RW-1R-2W,1.7874728627983414,1.3528550231215815,1.3772219455358186
vgpr_large-22nm-0RW-2R-2W,vgpr_large,22,65536,1024,0RW-2R-2W,2.80476673768828,1.7617180559623908,1.8078228469186357
sgpr_small-22nm-0RW-1R-1W,sgpr_small,22,128,32,0RW-1R-1W,1.0,1.0,1.0
sgpr_small-22nm-0RW-2R-1W,sgpr_small,22,128,32,0RW-2R-1W,1.707770802081597,1.056340253861134,1.0626543006522775
sgpr_small-22nm-0RW-1R-2W,sgpr_small,22,128,32,0RW-1R-2W,1.6669506330598614,1.05875709365719,1.065677333839756
sgpr_small-22nm-0RW-2R-2W,sgpr_small,22,128,32,0RW-2R-2W,2.5686210962337412,1.1126262837524847,1.1266321472449705
sgpr_mid-22nm-0RW-1R-1W,sgpr_mid,22,512,32,0RW-1R-1W,1.0,1.0,1.0
sgpr_mid-22nm-0RW-2R-1W,sgpr_mid,22,512,32,0RW-2R-1W,1.727360447120596,1.2244631814560492,1.2074580441668916
sgpr_mid-22nm-0RW-1R-2W,sgpr_mid,22,512,32,0RW-1R-2W,1.711831945480026,1.2263482112371487,1.2098583203795814
sgpr_mid-22nm-0RW-2R-2W,sgpr_mid,22,512,32,0RW-2R-2W,2.6170590041290986,1.3419040934785083,1.3334514373764619
sgpr_default-22nm-0RW-1R-1W,sgpr_default,22,2048,32,0RW-1R-1W,1.0,1.0,1.0
sgpr_default-22nm-0RW-2R-1W,sgpr_default,22,2048,32,0RW-2R-1W,1.7714948127102437,1.095187790947441,1.053772260804579
sgpr_default-22nm-0RW-1R-2W,sgpr_default,22,2048,32,0RW-1R-2W,1.7605667582975113,1.0956807729958518,1.0544102367802264
sgpr_default-22nm-0RW-2R-2W,sgpr_default,22,2048,32,0RW-2R-2W,2.6520334052850703,1.238420203812864,1.1887041796540345
lds_small-22nm-1RW-0R-0W,lds_small,22,512,32,1RW-0R-0W,1.0,1.0,1.0
lds_small-22nm-2RW-0R-0W,lds_small,22,512,32,2RW-0R-0W,2.1474098323122073,1.1158560663105281,1.1333886693926736
lds_default-22nm-1RW-0R-0W,lds_default,22,4096,32,1RW-0R-0W,1.0,1.0,1.0
lds_default-22nm-2RW-0R-0W,lds_default,22,4096,32,2RW-0R-0W,2.067032167690006,1.8188833119209682,1.8110405197312154
lds_large_bank-22nm-1RW-0R-0W,lds_large_bank,22,16384,32,1RW-0R-0W,1.0,1.0,1.0
lds_large_bank-22nm-2RW-0R-0W,lds_large_bank,22,16384,32,2RW-0R-0W,2.0474402789284727,1.0531026405560358,1.4660638193662143
