scope,memory,instances,bits_per_instance,total_bits,source_sha256
sm-base,ram_wid_16x3,2,48,96,9ea49f7072f7648f8d4fae57310be876848ebc5f99a91e327d57ab1b49c9db65
sm-base,array_256x34,4,8704,34816,231ecb852acd3f247df9ad0c50f56a4988031e782e3923c81d894a7dd2039da0
sm-base,array_256x20,2,5120,10240,b22739d06f71079f43623a34c3928802dd6424d37ad8fabdda1fa17dcc31f357
sm-base,array_256x256,2,65536,131072,7ee1a8c780327d149600106f5a141b2769bb895e7c0ae1655e75c23adf3c26bf
sm-base,ram_2x1040,2,2080,4160,f7a3509f9270284477e6b04ef09872d6849f2df6b1ba653529eb408d5697dd3c
sm-base,ram_32x1059,4,33888,135552,b4ff01ba6ae10a487b010c37f41632483165b8fa472f1933b522df9a1e4e710e
sm-base,ram_8x32,2,256,512,5ae2c52278fdf928d9224ab5b59b398e9c10f49e42da9484148e8cf244e36c9c
sm-base,ram_8x1300,2,10400,20800,02fe920c17dc4e8988f091b2c3e4a97799e4c98ce3b7be7066a117836f8a741d
sm-base,array_512x32,64,16384,1048576,ffdf84c59bd9fdefc9e6080208110943ac3a690139bf160a718fe747aae976ab
sm-base,ram_2x1029,2,2058,4116,436e83887120c48a9a328c07e2383a55929ba9ab99ecfeae977d72d0f94ccbe6
sm-base,array_256x2048,2,524288,1048576,e06e398f3c83571cbafb3dd5e88820004704fc94fd6b767b9553b82b42e63c0a
sm-base,array_1024x32,64,32768,2097152,ec2c440bff2bf5746fdd968bd4c750b3488bab14a0f25dbaa7036cd06b3c1e44
sm-base,ram_2x2,16,4,64,f87d7aa20b4cdf0d8d81c2e2a278a16d4d6f939aba4cf3f75a734c20e13a5727
sm-base,ram_2x456,16,912,14592,1a964bbc3f4d7aaed9db710776722cdd4fa15a636724caf9d1430a6c78e7f427
sm-base,data_8x1024,2,8192,16384,8110227119e1d6d2099a3db959f8a1571f1ceb6986f139f4f1366b5f0b45f393
sm-base,tag_8x248,2,1984,3968,1a1a507fd5833ee35ae65dd518ad577e87c0cc28e05e2c074a8c8a2ff39465b2
sm-base,stack_mem_32x96,16,3072,49152,7ec02196800e2f88338ee4b8ee0dd1132506d04817127501deee9b183b2fec8b
sm-base,regs_256x1024,8,262144,2097152,1a255f45b1a99582351ddbc9b9bbb2cc8fde8b461018d202a1cc9650c9898860
sm-base,regs_1_512x32,8,16384,131072,b97462c04eb5ed6852c6c657473c47eb5ffd2d4f25cef57188d086fd21e33642
gpu-fixed,wf_gather_cnt_16x4,1,64,64,3db9703aa64a2469d93544fa2a82d6f03ff2f4af1dbab08d4f62abba321e0661
gpu-fixed,wf_gather_ram_16x39,1,624,624,da6cf1f1e696944395ce898fe88d1ddfebe8207c16a26cd194e301668176bd41
gpu-fixed,ram_2x257,1,514,514,9419a450fd0d8ad92572a002c56d911dfaa8959f46f3f14abce8062c1476adf9
gpu-fixed,ram_2x8,1,16,16,357306d83c0f8098857d5494c5c5afa907d86172f275ad5b4a6cbfebad0a57ac
gpu-fixed,addr_8x17,4,136,544,e3c656ca9642af6585948aae45dbaae978d54294f0a13b130d8573f2c1e65f3f
gpu-fixed,mem_8x3,12,24,288,8a33fcba8b8ddfa6df4ddf4a9108cda9acb3311aa3162e392d89194372eeed95
gpu-fixed,addr_8x11,4,88,352,8950fe0b194ade615d82e84a2dd4d38ef9fef184bb27314af8ee1ee2cd0083ca
gpu-fixed,addr_8x10,4,80,320,a628cf2b4eb00400df618f95b1df63bb4a1516cd6e127779cb37118779227c71
gpu-fixed,wgram1_8x77,1,616,616,0c4f142488b079d084284a043959b04c1e753e58ba2292c12ccf4bdd6ca780b3
gpu-fixed,wgram2_8x241,1,1928,1928,ec86bc87ce5ef985799c9758c6f91f93c239c93dfe1af2961526540c8080f642
gpu-fixed,ram_2x1270,1,2540,2540,17693b8c36d80479631c2474534b14e161806ec4982331a780ccecbb05cc4841
gpu-fixed,array_1024x1024,1,1048576,1048576,66733c4895dd6ef0c453e59d233b688510809cdc5727cc6d1a29c023c3803f97
gpu-fixed,array_64x304,1,19456,19456,7f097f7b1d7719ca5d92e9d55352de21bca4c31c0ff4b16a223e61e1d6932a67
gpu-fixed,data_32x1176,1,37632,37632,5a2b43e8b06e867c68f318391d92040477791738b8bb5e539e9409a7287caffe
gpu-fixed,head_32x5,2,160,320,0b952a68d33feae68422000e632eec36cf41d6bcc73de74425a9f23c8f17f955
gpu-fixed,next_32x5,2,160,320,2b86b3f58a8478e12a1a5675152aa87ca9918823feb99a9e22e2a0bc9d601768
gpu-fixed,tail_32x5,2,160,320,51326550949bfa16cece424fb432f078ad95813419c0835c6f2efd987e13a9b8
gpu-fixed,ram_8x1203,1,9624,9624,2d7c62fff6268158eddf4640d016d72cd69f5900812ccaf0faef08cccb8f94df
gpu-fixed,data_32x1152,1,36864,36864,498c2f0bcbd8249b104c0bec3ad92651b37c698b4605d443bd88e3d55dd7ac12
