531,memory.read,0,80000000,00000000
546,collect,0,80000000,2e1080d7
551,collect,1,80000000,2e1080d7
551,collect,0,80000004,900002b7
551,writeback,0,80000000,2e1080d7
553,collect,0,80000008,5208a557
553,writeback,0,80000004,900002b7
555,writeback,0,80000008,5208a557
556,collect,0,8000000c,96a13557
556,collect,1,80000004,900002b7
556,writeback,1,80000000,2e1080d7
558,collect,1,80000008,5208a557
558,writeback,1,80000004,900002b7
560,writeback,1,80000008,5208a557
561,collect,1,8000000c,96a13557
561,writeback,0,8000000c,96a13557
562,collect,0,80000010,02a2c557
565,writeback,1,8000000c,96a13557
566,collect,1,80000010,02a2c557
566,collect,0,80000014,90001337
566,writeback,0,80000010,02a2c557
568,collect,0,80000018,5208a5d7
568,writeback,0,80000014,90001337
570,collect,1,80000014,90001337
570,writeback,1,80000010,02a2c557
571,writeback,0,80000018,5208a5d7
572,collect,1,80000018,5208a5d7
572,writeback,1,80000014,90001337
573,collect,0,8000001c,96b135d7
574,writeback,1,80000018,5208a5d7
575,collect,1,8000001c,96b135d7
577,writeback,0,8000001c,96b135d7
578,collect,0,80000020,02b345d7
579,writeback,1,8000001c,96b135d7
580,collect,1,80000020,02b345d7
582,collect,0,80000024,0005217b
582,writeback,0,80000020,02b345d7
584,collect,1,80000024,0005217b
584,writeback,1,80000020,02b345d7
586,collect,0,80000028,0005a1fb
587,lsu.issue,0,80000024,0005217b
588,collect,1,80000028,0005a1fb
590,lsu.issue,1,80000024,0005217b
593,lsu.issue,0,80000028,0005a1fb
596,memory.read,0,90000000,00000000
596,lsu.issue,1,80000028,0005a1fb
602,memory.read,0,90001000,00000000
609,writeback,0,80000024,0005217b
612,writeback,1,80000024,0005217b
615,writeback,0,80000028,0005a1fb
616,collect,0,8000002c,0e31408b
618,writeback,1,80000028,0005a1fb
619,collect,1,8000002c,0e31408b
620,collect,0,80000030,2e420257
623,collect,1,80000030,2e420257
625,collect,0,80000034,2e5282d7
625,writeback,0,80000030,2e420257
628,collect,1,80000034,2e5282d7
628,writeback,1,80000030,2e420257
630,collect,0,80000038,2e630357
630,writeback,0,80000034,2e5282d7
631,writeback,0,8000002c,0e31408b
633,collect,1,80000038,2e630357
633,writeback,1,80000034,2e5282d7
634,writeback,1,8000002c,0e31408b
635,collect,0,8000003c,b2219257
635,writeback,0,80000038,2e630357
638,collect,1,8000003c,b2219257
638,writeback,1,80000038,2e630357
643,writeback,0,8000003c,b2219257
644,collect,0,80000040,b2219257
646,writeback,1,8000003c,b2219257
647,collect,1,80000040,b2219257
652,writeback,0,80000040,b2219257
653,collect,0,80000044,b2219257
655,writeback,1,80000040,b2219257
656,collect,1,80000044,b2219257
661,writeback,0,80000044,b2219257
662,collect,0,80000048,b2219257
664,writeback,1,80000044,b2219257
665,collect,1,80000048,b2219257
670,writeback,0,80000048,b2219257
671,collect,0,8000004c,b2219257
673,writeback,1,80000048,b2219257
674,collect,1,8000004c,b2219257
679,writeback,0,8000004c,b2219257
680,collect,0,80000050,b2219257
682,writeback,1,8000004c,b2219257
683,collect,1,80000050,b2219257
688,writeback,0,80000050,b2219257
689,collect,0,80000054,b2219257
691,writeback,1,80000050,b2219257
692,collect,1,80000054,b2219257
697,writeback,0,80000054,b2219257
698,collect,0,80000058,b2219257
700,writeback,1,80000054,b2219257
701,collect,1,80000058,b2219257
706,writeback,0,80000058,b2219257
707,collect,0,8000005c,b2219257
709,writeback,1,80000058,b2219257
710,collect,1,8000005c,b2219257
715,writeback,0,8000005c,b2219257
716,collect,0,80000060,b2219257
717,memory.read,0,80000080,00000000
718,writeback,1,8000005c,b2219257
719,collect,1,80000060,b2219257
724,writeback,0,80000060,b2219257
725,collect,0,80000064,b2219257
727,writeback,1,80000060,b2219257
728,collect,1,80000064,b2219257
733,writeback,0,80000064,b2219257
734,collect,0,80000068,b2219257
736,writeback,1,80000064,b2219257
737,collect,1,80000068,b2219257
738,collect,0,8000006c,90002137
740,collect,0,80000070,800028f3
740,writeback,0,8000006c,90002137
741,collect,1,8000006c,90002137
742,writeback,0,80000068,b2219257
743,collect,1,80000070,800028f3
743,writeback,1,8000006c,90002137
744,collect,0,80000074,00c00393
744,writeback,0,80000070,800028f3
745,writeback,1,80000068,b2219257
747,collect,1,80000074,00c00393
747,writeback,1,80000070,800028f3
748,writeback,0,80000074,00c00393
749,collect,0,80000078,027888b3
751,writeback,1,80000074,00c00393
752,collect,1,80000078,027888b3
753,collect,0,8000007c,5208a757
755,writeback,0,80000078,027888b3
755,writeback,0,8000007c,5208a757
756,collect,1,8000007c,5208a757
757,collect,0,80000080,96e13757
758,writeback,1,80000078,027888b3
758,writeback,1,8000007c,5208a757
759,collect,1,80000080,96e13757
761,writeback,0,80000080,96e13757
762,collect,0,80000084,02e14757
763,writeback,1,80000080,96e13757
764,collect,1,80000084,02e14757
766,writeback,0,80000084,02e14757
767,collect,0,80000088,02e8c757
768,writeback,1,80000084,02e14757
769,collect,1,80000088,02e8c757
771,writeback,0,80000088,02e8c757
772,collect,0,8000008c,0047607b
773,writeback,1,80000088,02e8c757
774,collect,1,8000008c,0047607b
776,collect,0,80000090,5208a757
777,lsu.issue,0,8000008c,0047607b
778,collect,1,80000090,5208a757
779,writeback,0,80000090,5208a757
780,collect,0,80000094,96e13757
780,writeback,1,80000090,5208a757
780,lsu.issue,1,8000008c,0047607b
781,collect,1,80000094,96e13757
782,store.complete,0,8000008c,0047607b
784,writeback,0,80000094,96e13757
785,collect,0,80000098,02e14757
785,writeback,1,80000094,96e13757
785,store.complete,1,8000008c,0047607b
786,collect,1,80000098,02e14757
786,memory.read,0,90002000,00000000
789,memory.read,0,90002180,00000000
789,writeback,0,80000098,02e14757
790,collect,0,8000009c,02e8c757
790,writeback,1,80000098,02e14757
791,collect,1,8000009c,02e8c757
794,collect,0,800000a0,08000413
794,writeback,0,8000009c,02e8c757
795,collect,1,800000a0,08000413
795,writeback,1,8000009c,02e8c757
796,memory.write,0,90002000,00000000
798,writeback,0,800000a0,08000413
799,collect,0,800000a4,02e44757
799,memory.write,0,90002180,00000000
799,writeback,1,800000a0,08000413
800,collect,1,800000a4,02e44757
803,writeback,0,800000a4,02e44757
804,collect,0,800000a8,0057607b
804,writeback,1,800000a4,02e44757
805,collect,1,800000a8,0057607b
808,collect,0,800000ac,5208a757
809,collect,1,800000ac,5208a757
809,lsu.issue,0,800000a8,0057607b
810,writeback,0,800000ac,5208a757
811,collect,0,800000b0,96e13757
811,writeback,1,800000ac,5208a757
812,collect,1,800000b0,96e13757
812,lsu.issue,1,800000a8,0057607b
814,store.complete,0,800000a8,0057607b
815,writeback,0,800000b0,96e13757
816,collect,0,800000b4,02e14757
816,writeback,1,800000b0,96e13757
817,collect,1,800000b4,02e14757
817,store.complete,1,800000a8,0057607b
818,memory.read,0,90002080,00000000
820,writeback,0,800000b4,02e14757
821,collect,0,800000b8,02e8c757
821,memory.read,0,90002200,00000000
821,writeback,1,800000b4,02e14757
822,collect,1,800000b8,02e8c757
825,collect,0,800000bc,10000413
825,writeback,0,800000b8,02e8c757
826,collect,1,800000bc,10000413
826,writeback,1,800000b8,02e8c757
828,memory.write,0,90002080,00000000
829,writeback,0,800000bc,10000413
830,collect,0,800000c0,02e44757
830,writeback,1,800000bc,10000413
831,collect,1,800000c0,02e44757
831,memory.write,0,90002200,00000000
834,writeback,0,800000c0,02e44757
835,collect,0,800000c4,0067607b
835,writeback,1,800000c0,02e44757
836,collect,1,800000c4,0067607b
840,collect,0,800000c8,0000400b
841,collect,1,800000c8,0000400b
841,lsu.issue,0,800000c4,0067607b
841,end,0,800000c8,0000400b
843,end,1,800000c8,0000400b
844,lsu.issue,1,800000c4,0067607b
845,host.finish,0,00000000,00000000
846,store.complete,0,800000c4,0067607b
849,store.complete,1,800000c4,0067607b
850,memory.read,0,90002100,00000000
853,memory.read,0,90002280,00000000
860,memory.write,0,90002100,00000000
863,memory.write,0,90002280,00000000
