name,start,end,cycles,instructions,requested_bytes,host_seconds,program_sha256
prefill.embedding,0,825772,825772,1175552,4759552,0.6949505410157144,f1dcd4bdce2624f25a569d6f19b7ceb8ba1a4d35131935817c2828397bb5b47a
prefill.layer00.norm1,825772,1347022,521250,522240,3862528,0.3146826250012964,b1c084964e935b77c3a648c82e3950b9980ca3995ef35ec59c60b9f29756e671
prefill.layer00.q.pack_activation,1347022,1625548,278526,446208,1949696,0.2157215839251876,153a767b477450f29449b166d423b0dbc124593a3a58903a36c638792bba98a7
prefill.layer00.q,1625548,7892508,6266960,2057216,59787392,1.6993169999914244,8ec1d4ed21c4a1f20cd217c6e3e8ec1f2f2bdd9ccaf409e183405bf920d3d37e
prefill.layer00.k.pack_activation,7892508,8171740,279232,446208,1949696,0.21484358399175107,153a767b477450f29449b166d423b0dbc124593a3a58903a36c638792bba98a7
prefill.layer00.k,8171740,8928775,757035,293888,8541056,0.2255035829730332,773fbac1c69d604fa0a03b05ea695d7d9bbddf4d6b17100c3217fe1612f006bb
prefill.layer00.v.pack_activation,8928775,9207955,279180,446208,1949696,0.21494799992069602,153a767b477450f29449b166d423b0dbc124593a3a58903a36c638792bba98a7
prefill.layer00.v,9207955,9965935,757980,293888,8541056,0.22665099997539073,7699dbeec83c09aef0b884ff9ddd9072beded39085f94773ef3b7aeb27ee5744
prefill.layer00.rope_q,9965935,10803466,837531,860160,3641344,0.5175785410683602,220f4755401cb103c5f9a36aeed092e87dabd589943d9090f5529f4897fc6871
prefill.layer00.rope_k_append,10803466,10926461,122995,122880,520192,0.07439870794769377,24dc4816b0e5507ddb5f4cf0d4064c10fe95787df85038619efb7e3c80d2d357
prefill.layer00.v_append,10926461,11086551,160090,167936,466944,0.09241016604937613,ba2658d3e34172365b6ec39aeecc1008e09e59f3298d682b305d34924d67d26c
prefill.layer00.head00.qk,11086551,12915462,1828911,2168832,8134656,1.0578130410285667,a278b95e44e0db4c28633b6c49031018603cf3b0174946ce1fe57d7debb15f6e
prefill.layer00.head00.softmax,12915462,13405865,490403,459216,3397632,0.2807162080425769,6a891bd61f0e9b4b356621894da3879f189f2dc0d89f5099a009855b8100b4e1
prefill.layer00.head00.pv,13405865,14317667,911802,1808640,4686848,0.8179237919393927,eac2a08358ff283c709cf797d8707dab9b07501a29fbe3f442987c5b4407847e
prefill.layer00.head01.qk,14317667,16143529,1825862,2168832,8134656,1.077018833020702,aa7ee1def830c63a50a7d7dbdef3b7aef60988231a7dcbda614f4f83ca55d816
prefill.layer00.head01.softmax,16143529,16633364,489835,459216,3397632,0.2911734579829499,6a891bd61f0e9b4b356621894da3879f189f2dc0d89f5099a009855b8100b4e1
prefill.layer00.head01.pv,16633364,17544026,910662,1808640,4686848,0.8169355411082506,2eb162579c01551787a420128f85d1a7736186bd23bc812bda47b0ed277a26ed
prefill.layer00.head02.qk,17544026,19368433,1824407,2168832,8134656,1.0630202919710428,74ff02c6d59cf00198b6e717b79fe393ede2efe6088d251fab17ca4c7e49bd5d
prefill.layer00.head02.softmax,19368433,19860884,492451,459216,3397632,0.28180750005412847,6a891bd61f0e9b4b356621894da3879f189f2dc0d89f5099a009855b8100b4e1
prefill.layer00.head02.pv,19860884,20774113,913229,1808640,4686848,0.8201647910755128,4bc1e04050e79b7434735bc5c1ee10fdec46a73d429927e1e6ec3579b13c47c4
prefill.layer00.head03.qk,20774113,22604863,1830750,2168832,8134656,1.064206707989797,907a9aa63bff5205dd9e4207ed3b3a91c10ef5cf422b1abad724abd34d63c6f5
prefill.layer00.head03.softmax,22604863,23090990,486127,459216,3397632,0.27879879204556346,6a891bd61f0e9b4b356621894da3879f189f2dc0d89f5099a009855b8100b4e1
prefill.layer00.head03.pv,23090990,24001479,910489,1808640,4686848,0.8102952500339597,0beee9f8ca3b81cc41df8f8ad1319454cc28fbc7f004440322ce17c7d93f43e9
prefill.layer00.head04.qk,24001479,25834541,1833062,2168832,8134656,1.0586795420385897,b904f5cf3301d37e4bdbe659e0fa4230fa23d2afe744fbca27f1e7ebe0d62d75
prefill.layer00.head04.softmax,25834541,26324400,489859,459216,3397632,0.2818483749870211,6a891bd61f0e9b4b356621894da3879f189f2dc0d89f5099a009855b8100b4e1
prefill.layer00.head04.pv,26324400,27237820,913420,1808640,4686848,0.8166620830306783,a9d516fb7db06825d8895f31a3de520e21ce6c4f84bbd9c29d166e23af9d948c
prefill.layer00.head05.qk,27237820,29067200,1829380,2168832,8134656,1.0608429160201922,2f4d91e143d62dc66d36bc0d828c42f1fa6678621e45eecb941bf63f8a921cbe
prefill.layer00.head05.softmax,29067200,29553727,486527,459216,3397632,0.2790238750167191,6a891bd61f0e9b4b356621894da3879f189f2dc0d89f5099a009855b8100b4e1
prefill.layer00.head05.pv,29553727,30466992,913265,1808640,4686848,0.8132190000033006,a0907432447225f0779d54bec8a29fa72a3f54115e76a289b4fe487d64599f5e
prefill.layer00.head06.qk,30466992,32297977,1830985,2168832,8134656,1.0579012910602614,71b3f5602df2c3753e6c02604f67ffab61b0fb4abbc3f6c6489c9c86be47da97
prefill.layer00.head06.softmax,32297977,32784512,486535,459216,3397632,0.2792000840418041,6a891bd61f0e9b4b356621894da3879f189f2dc0d89f5099a009855b8100b4e1
prefill.layer00.head06.pv,32784512,33696422,911910,1808640,4686848,0.813079750048928,9dca32f7b9198725f978dceda51e573c553597485d066792a76bb00fe3190420
prefill.layer00.head07.qk,33696422,35528870,1832448,2168832,8134656,1.057467708014883,cc88f8eafff6452fb1f8c775f90330e4f30f521ec083de57deeeb573c50740d0
prefill.layer00.head07.softmax,35528870,36014719,485849,459216,3397632,0.2789481250802055,6a891bd61f0e9b4b356621894da3879f189f2dc0d89f5099a009855b8100b4e1
prefill.layer00.head07.pv,36014719,36929585,914866,1808640,4686848,0.8163975840434432,68cd7d6cf61ce0c80f0b04276546d9d1f83024a13b453394fa148387befd2a40
prefill.layer00.head08.qk,36929585,38759695,1830110,2168832,8134656,1.0586699169361964,3337fba58f44c87f6abe13a824819c7bc0eaec1ff610fb4f2c88543991cfea0b
prefill.layer00.head08.softmax,38759695,39246307,486612,459216,3397632,0.27958745905198157,6a891bd61f0e9b4b356621894da3879f189f2dc0d89f5099a009855b8100b4e1
prefill.layer00.head08.pv,39246307,40157736,911429,1808640,4686848,0.8109331249725074,9ed82395caef5ea95013efb9c627d2493ebea367dc31dc63db44fe60badbd567
prefill.layer00.head09.qk,40157736,41981178,1823442,2168832,8134656,1.0564369169296697,372a2f0f7a61e8a80761ed4b036ce72857a9c8b3429414e0198d0b88abf19d6a
prefill.layer00.head09.softmax,41981178,42467548,486370,459216,3397632,0.28076570807024837,6a891bd61f0e9b4b356621894da3879f189f2dc0d89f5099a009855b8100b4e1
prefill.layer00.head09.pv,42467548,43380080,912532,1808640,4686848,0.8138660000404343,9cff268199b43d78773b6be35bcc8c56a03d5b7b7210831d77e58e5083988bd4
prefill.layer00.head10.qk,43380080,45205916,1825836,2168832,8134656,1.0586032919818535,d80a84e89a104a338d0a8d188db9b42433fbdc023f0df36fe228102415d470d5
prefill.layer00.head10.softmax,45205916,45694769,488853,459216,3397632,0.2812021250138059,6a891bd61f0e9b4b356621894da3879f189f2dc0d89f5099a009855b8100b4e1
prefill.layer00.head10.pv,45694769,46608396,913627,1808640,4686848,0.8130539590492845,d95965d39dd8b9ab790a62c1e6a032b9282021228c559ae7c45da360db9fe85d
prefill.layer00.head11.qk,46608396,48441112,1832716,2168832,8134656,1.057237625005655,f9b756af4a40503b52f6ccc518b798b8b255a1423cf51533744178631aa0e309
prefill.layer00.head11.softmax,48441112,48929801,488689,459216,3397632,0.27951608307193965,6a891bd61f0e9b4b356621894da3879f189f2dc0d89f5099a009855b8100b4e1
prefill.layer00.head11.pv,48929801,49841775,911974,1808640,4686848,0.8101485000224784,3a68b45ed7874ae9db806aef3cd5da639376df07e487ad2b15c20c70c5b6532d
prefill.layer00.head12.qk,49841775,51675734,1833959,2168832,8134656,1.0576184160308912,29711fc20e41a199c2aee667f8f7e04250072bab5e17383090a45f79856fd225
prefill.layer00.head12.softmax,51675734,52161254,485520,459216,3397632,0.27933983295224607,6a891bd61f0e9b4b356621894da3879f189f2dc0d89f5099a009855b8100b4e1
prefill.layer00.head12.pv,52161254,53074335,913081,1808640,4686848,0.8154205409809947,188ade33e8858d16b890136890b069e3cb459d096954134e4595cd27f0c6b395
prefill.layer00.head13.qk,53074335,54905574,1831239,2168832,8134656,1.054952625068836,047787a542abdddc52213f9495aa1911472ed10e097059d31ff8d63da481b8b1
prefill.layer00.head13.softmax,54905574,55389492,483918,459216,3397632,0.2783938749926165,6a891bd61f0e9b4b356621894da3879f189f2dc0d89f5099a009855b8100b4e1
prefill.layer00.head13.pv,55389492,56301855,912363,1808640,4686848,0.8100495409453288,cd5bf100b84047751b6f196ac51d73241d414c90a07d4b07a092c7e99b77854f
prefill.layer00.join_heads,56301855,57257138,955283,1032192,2924544,0.5558585830731317,2c337fa0b2251cb91fdf360a0ca5d096029f42752ab5eecdc5d714008a338285
prefill.layer00.o.pack_activation,57257138,57535664,278526,446208,1949696,0.21522804093547165,2e43949ed4896413e42d0e79d434f0d00addfea513b66b913c60c5f854c91ff9
prefill.layer00.o,57535664,63836365,6300701,2041088,59726464,1.690373291959986,e09b2d2d86cffdaa202d586672e406df96b93b8404d83dd3cd03c21ee60cc035
prefill.layer00.attention_residual,63836365,64563867,727502,444416,3211264,0.2938202499644831,6492ec382866a5784e89f13947ce3260c02d2ab7b016aaedcea28a433d6cf91e
prefill.layer00.norm2,64563867,65077210,513343,522240,3862528,0.3108370410045609,ff094c20650840529c5f8ef6230baf2af428b18a90e636fd4545ea8de9ed346d
prefill.layer00.gate.pack_activation,65077210,65355736,278526,446208,1949696,0.2143309999955818,153a767b477450f29449b166d423b0dbc124593a3a58903a36c638792bba98a7
prefill.layer00.gate,65355736,97091737,31736001,11080192,324229376,9.132602208061144,70e8cc7a7ccc0c5fc36c89c98970321413ea6e5757f48c553e2b9e2303b976f9
prefill.layer00.up.pack_activation,97091737,97369192,277455,446208,1949696,0.21550774993374944,153a767b477450f29449b166d423b0dbc124593a3a58903a36c638792bba98a7
prefill.layer00.up,97369192,129128422,31759230,11080192,324229376,9.164598249946721,0315f45bd8a826631671b35f129c39a1036501e674a6d418da0fafc2c16aace6
prefill.layer00.swiglu,129128422,132343439,3215017,2451456,17432576,1.5399408749071881,c22c6ef05e19c2e5f1f30a193daa888d191fb07182f15862c8de1030411cf686
prefill.layer00.down.pack_activation,132343439,133846437,1502998,2422272,10584064,1.171495542046614,2b81985b656e1bdc5b0fa4782b8b639710681de3ad738f5b1a5a798b7f8d478d
prefill.layer00.down,133846437,155393592,21547155,6540800,230382208,6.038966333027929,9555396f7523cfb55ff1b7ac132a8a4267f85216d384e7d117542b3701cd762e
prefill.layer00.ffn_residual,155393592,156121094,727502,444416,3211264,0.29376108304131776,6492ec382866a5784e89f13947ce3260c02d2ab7b016aaedcea28a433d6cf91e
prefill.layer01.norm1,156121094,156629706,508612,522240,3862528,0.3110395419644192,2189f579bb13d2ae5a32aab0ae524099ccd80e77b0eb31a3282ae26194b16cb3
prefill.layer01.q.pack_activation,156629706,156907478,277772,446208,1949696,0.21521529101300985,153a767b477450f29449b166d423b0dbc124593a3a58903a36c638792bba98a7
prefill.layer01.q,156907478,163131631,6224153,2057216,59787392,1.7147302500670776,4659f59bc7ca601d5435cd24607b0eae66164cf091288968aafeecb8755a713b
prefill.layer01.k.pack_activation,163131631,163410863,279232,446208,1949696,0.22018004197161645,153a767b477450f29449b166d423b0dbc124593a3a58903a36c638792bba98a7
prefill.layer01.k,163410863,164168778,757915,293888,8541056,0.23143916705157608,218140cf11ffcd0d147b2a7442db0bfef417602339900586fa55496af1f15d68
prefill.layer01.v.pack_activation,164168778,164448010,279232,446208,1949696,0.21709516702685505,153a767b477450f29449b166d423b0dbc124593a3a58903a36c638792bba98a7
prefill.layer01.v,164448010,165207823,759813,293888,8541056,0.23133883404079825,378d5f49074fe704a6a3e62f14548896f28e3bbe895a71b0cf0ecc7ae46a921a
prefill.layer01.rope_q,165207823,166045700,837877,860160,3641344,0.5284152500098571,220f4755401cb103c5f9a36aeed092e87dabd589943d9090f5529f4897fc6871
prefill.layer01.rope_k_append,166045700,166168696,122996,122880,520192,0.0735576250590384,3a536a660c386e21aa2c6bdcb1c0ecadb4479cbd9e01f6398680e2febc9c0171
prefill.layer01.v_append,166168696,166328786,160090,167936,466944,0.09246045805048198,05233b8a82ac12747bc434f0dc9eb40000967f5e015781b378484f3422763b1b
prefill.layer01.head00.qk,166328786,168157697,1828911,2168832,8134656,1.0702506670495495,4ba6b5e4444de88bb3ad659f131a96c97240e81b0c803c1010bc9fd083811786
prefill.layer01.head00.softmax,168157697,168648100,490403,459216,3397632,0.28045074990950525,6a891bd61f0e9b4b356621894da3879f189f2dc0d89f5099a009855b8100b4e1
prefill.layer01.head00.pv,168648100,169559902,911802,1808640,4686848,0.8105737500591204,a38dc4906d33058828737b962e52b8d80f404f75cec24dd57fe07f817d8fbb1c
prefill.layer01.head01.qk,169559902,171385764,1825862,2168832,8134656,1.051334916963242,bbcafa345229f7e6e2ce58f2ef37528a6c2ed793c0c2f197f99b6d4663e5e166
prefill.layer01.head01.softmax,171385764,171875599,489835,459216,3397632,0.279421666986309,6a891bd61f0e9b4b356621894da3879f189f2dc0d89f5099a009855b8100b4e1
prefill.layer01.head01.pv,171875599,172786261,910662,1808640,4686848,0.811502292053774,22ce4b765101f1fc6b726a38946ce87a75847d9788eb8f114a12b25e11a13c84
prefill.layer01.head02.qk,172786261,174610668,1824407,2168832,8134656,1.0552418329752982,229bcb4d70b3a702eb070ca296e4d2333d9ad71bf895e5477767863bd0815d5e
prefill.layer01.head02.softmax,174610668,175103119,492451,459216,3397632,0.27967370895203203,6a891bd61f0e9b4b356621894da3879f189f2dc0d89f5099a009855b8100b4e1
prefill.layer01.head02.pv,175103119,176016348,913229,1808640,4686848,0.8110470829997212,222286db0af483845a1c46223e19cfa5909fa95f595773a26afcaba6d0f0aebc
prefill.layer01.head03.qk,176016348,177847098,1830750,2168832,8134656,1.0556277909781784,5fac60f35fa16cbf4b56e809186ab455012fdb7e374b97197514b291f55c08b5
prefill.layer01.head03.softmax,177847098,178333225,486127,459216,3397632,0.27951316605322063,6a891bd61f0e9b4b356621894da3879f189f2dc0d89f5099a009855b8100b4e1
prefill.layer01.head03.pv,178333225,179243714,910489,1808640,4686848,0.8125834999373183,aa42892e9cc94a7edddba2078f47d7ba08095ff252155418b8b79d4fb825722a
prefill.layer01.head04.qk,179243714,181076776,1833062,2168832,8134656,1.0558563329977915,008f37e6956ce27e65445ab46c7f60562f627e4832f7a6f817422ae0df7b590a
prefill.layer01.head04.softmax,181076776,181566635,489859,459216,3397632,0.279598250053823,6a891bd61f0e9b4b356621894da3879f189f2dc0d89f5099a009855b8100b4e1
prefill.layer01.head04.pv,181566635,182480055,913420,1808640,4686848,0.8106595830759034,e09fcab7a5b7ce43aa376bb60d6e40da45e1bda90eabfab49bca1f7427d138bd
prefill.layer01.head05.qk,182480055,184309435,1829380,2168832,8134656,1.0588615839369595,40d58406d4968547193c893868d0bba46fc941efb9fc92b02188c838d66f30f2
prefill.layer01.head05.softmax,184309435,184795962,486527,459216,3397632,0.28148550004698336,6a891bd61f0e9b4b356621894da3879f189f2dc0d89f5099a009855b8100b4e1
prefill.layer01.head05.pv,184795962,185709227,913265,1808640,4686848,0.8087957920506597,c93b0344086c189647d64ce08802fef793b3d595fb15088c1aa8cf39375bc734
prefill.layer01.head06.qk,185709227,187540212,1830985,2168832,8134656,1.0595150419976562,90a77fb80f15a0f74a3e5c45f6806317309b35283f75236d04762281b1012baa
prefill.layer01.head06.softmax,187540212,188026747,486535,459216,3397632,0.28427891700994223,6a891bd61f0e9b4b356621894da3879f189f2dc0d89f5099a009855b8100b4e1
prefill.layer01.head06.pv,188026747,188938657,911910,1808640,4686848,0.8299602089682594,e1589e0a8141a9d8efb30953e4a4f1073f4182dae52af801a40b948ebb140138
prefill.layer01.head07.qk,188938657,190771105,1832448,2168832,8134656,1.0574301249580458,758a7266807c87a0f63bcf8e9281f9a0c83de017bd6e5b244aee035b3b3e0dc4
prefill.layer01.head07.softmax,190771105,191256954,485849,459216,3397632,0.28210395900532603,6a891bd61f0e9b4b356621894da3879f189f2dc0d89f5099a009855b8100b4e1
prefill.layer01.head07.pv,191256954,192171820,914866,1808640,4686848,0.816597415949218,fcf4806a0f388e1acfecce38d67068b894ab9f30f6be80611f827526a796cc27
prefill.layer01.head08.qk,192171820,194001930,1830110,2168832,8134656,1.0556040829978883,39a1438d2e1cb3e31b7ae6a538ccc8dc030475acf8850bd020b018340c2879ac
prefill.layer01.head08.softmax,194001930,194488542,486612,459216,3397632,0.28128729201853275,6a891bd61f0e9b4b356621894da3879f189f2dc0d89f5099a009855b8100b4e1
prefill.layer01.head08.pv,194488542,195399971,911429,1808640,4686848,0.8117370420368388,b82b105e76c86aca10edb5d6b27dd60bc26ac4d64c87922e40abca9c680a03fd
prefill.layer01.head09.qk,195399971,197223413,1823442,2168832,8134656,1.050474709016271,9838ef60dca6c770fff0ec8d853407695ae204628adacef35904d3c53e6922f6
prefill.layer01.head09.softmax,197223413,197709783,486370,459216,3397632,0.28067849995568395,6a891bd61f0e9b4b356621894da3879f189f2dc0d89f5099a009855b8100b4e1
prefill.layer01.head09.pv,197709783,198622315,912532,1808640,4686848,0.8127887500450015,fa9303a56f283c0a1e4dd1ff949d704386430d9bc520cd033e8ad4f9f5528772
prefill.layer01.head10.qk,198622315,200448151,1825836,2168832,8134656,1.0582519579911605,e840f4bd93e3d67e15b6dc3a1969db7228b5074e603da9cd44749c2279f58c62
prefill.layer01.head10.softmax,200448151,200937004,488853,459216,3397632,0.2825043749762699,6a891bd61f0e9b4b356621894da3879f189f2dc0d89f5099a009855b8100b4e1
prefill.layer01.head10.pv,200937004,201850631,913627,1808640,4686848,0.8218430420383811,bf57c1b17c48f0a4457982011d57443585e6ebc65a795ecf650a549822c3a408
prefill.layer01.head11.qk,201850631,203683347,1832716,2168832,8134656,1.0637147499946877,a6b52d8abebe28a20ee0fd48ddbc205c8475bfbd6f24a574e075cb64d626ace4
prefill.layer01.head11.softmax,203683347,204172036,488689,459216,3397632,0.28822750004474074,6a891bd61f0e9b4b356621894da3879f189f2dc0d89f5099a009855b8100b4e1
prefill.layer01.head11.pv,204172036,205084010,911974,1808640,4686848,0.8106293749297038,e0681e99723f57154e2ffe62e5669bff849ba370172093c82c39f1dcf5247713
prefill.layer01.head12.qk,205084010,206917969,1833959,2168832,8134656,1.0574599590618163,ebe47c622ef7e2caadfa8e771f18cd932058d3e365dfe94b3e91658eceafb810
prefill.layer01.head12.softmax,206917969,207403489,485520,459216,3397632,0.277915499988012,6a891bd61f0e9b4b356621894da3879f189f2dc0d89f5099a009855b8100b4e1
prefill.layer01.head12.pv,207403489,208316570,913081,1808640,4686848,0.816918708034791,3cdaa7d9cf598d37fb169a52e3fec0218a82fe7aa5afcfc46ac7efe52ddbacd6
prefill.layer01.head13.qk,208316570,210147809,1831239,2168832,8134656,1.0623072090093046,dbe9ce2e70239c2c74b24b51e735c1b8084f70bc259c64b1d185cd1e97324201
prefill.layer01.head13.softmax,210147809,210631727,483918,459216,3397632,0.2825563750229776,6a891bd61f0e9b4b356621894da3879f189f2dc0d89f5099a009855b8100b4e1
prefill.layer01.head13.pv,210631727,211544090,912363,1808640,4686848,0.8179547080071643,432ff2f752096dfa5094eda43013cb6bc66e9d2a0dab5c2a9a02f3fe6041d4f5
prefill.layer01.join_heads,211544090,212499373,955283,1032192,2924544,0.5568065419793129,2c337fa0b2251cb91fdf360a0ca5d096029f42752ab5eecdc5d714008a338285
prefill.layer01.o.pack_activation,212499373,212777899,278526,446208,1949696,0.21419862506445497,2e43949ed4896413e42d0e79d434f0d00addfea513b66b913c60c5f854c91ff9
prefill.layer01.o,212777899,219036935,6259036,2041088,59726464,1.689962042029947,f0595617f6e5b701a9eac77591bf12b6eadd2a34068c8464b01c8f2a3e92f45c
prefill.layer01.attention_residual,219036935,219760027,723092,444416,3211264,0.2949443330289796,6492ec382866a5784e89f13947ce3260c02d2ab7b016aaedcea28a433d6cf91e
prefill.layer01.norm2,219760027,220280354,520327,522240,3862528,0.3162389160133898,47bee904bfb168fce661e5e6bcf16f7ed6d34588f1a658d64ed7585ef7fc4ec3
prefill.layer01.gate.pack_activation,220280354,220558555,278201,446208,1949696,0.2188547500409186,153a767b477450f29449b166d423b0dbc124593a3a58903a36c638792bba98a7
prefill.layer01.gate,220558555,253912563,33354008,11080192,324229376,9.34013020794373,4cb6b4402d1763b8ef16a6867915653114c3c3523c4a15bf7dfbb0f3309c6d9d
prefill.layer01.up.pack_activation,253912563,254191795,279232,446208,1949696,0.22071525000501424,153a767b477450f29449b166d423b0dbc124593a3a58903a36c638792bba98a7
prefill.layer01.up,254191795,286835319,32643524,11080192,324229376,9.278130416059867,66a6847e7912eea510cb7135c351ba500acfce6e7b31fd8599877e30bfeab898
prefill.layer01.swiglu,286835319,290052933,3217614,2451456,17432576,1.5298635839717463,c22c6ef05e19c2e5f1f30a193daa888d191fb07182f15862c8de1030411cf686
prefill.layer01.down.pack_activation,290052933,291555931,1502998,2422272,10584064,1.1764685409143567,2b81985b656e1bdc5b0fa4782b8b639710681de3ad738f5b1a5a798b7f8d478d
prefill.layer01.down,291555931,312740933,21185002,6540800,230382208,6.014421375002712,99a82c94c338137d19756515379397f397e76d357672c792f876e41f583437f4
prefill.layer01.ffn_residual,312740933,313474724,733791,444416,3211264,0.29549729195423424,6492ec382866a5784e89f13947ce3260c02d2ab7b016aaedcea28a433d6cf91e
prefill.layer02.norm1,313474724,313986895,512171,522240,3862528,0.3133582080481574,d2d50336c97a9dfecdad1cb9718bf439c4aaf8f1de91ac0bd322191601db8672
prefill.layer02.q.pack_activation,313986895,314265096,278201,446208,1949696,0.216609499999322,153a767b477450f29449b166d423b0dbc124593a3a58903a36c638792bba98a7
prefill.layer02.q,314265096,320557045,6291949,2057216,59787392,1.7081766250776127,1cbfcffd7854f5df6ae26b6558d87f9aecac8aecca9d26ba18b9401205175246
prefill.layer02.k.pack_activation,320557045,320836277,279232,446208,1949696,0.2164782079635188,153a767b477450f29449b166d423b0dbc124593a3a58903a36c638792bba98a7
prefill.layer02.k,320836277,321594030,757753,293888,8541056,0.22755558299832046,a2e40787ab0ea8a0706e92012c8a8baf01bd0424791ca68f290d269fade6f6b1
prefill.layer02.v.pack_activation,321594030,321873262,279232,446208,1949696,0.21532095794100314,153a767b477450f29449b166d423b0dbc124593a3a58903a36c638792bba98a7
prefill.layer02.v,321873262,322628440,755178,293888,8541056,0.2273272080346942,f5dd973b5f62097f60d208bed05406f038d9b2130fa2a017d8860bb7fb263493
prefill.layer02.rope_q,322628440,323468391,839951,860160,3641344,0.5209902919596061,220f4755401cb103c5f9a36aeed092e87dabd589943d9090f5529f4897fc6871
prefill.layer02.rope_k_append,323468391,323591387,122996,122880,520192,0.07473458303138614,2bc9f283de494a2e350f974c4e76e6e8fd70d2f18bff3d81c42cde3f205ebf0c
prefill.layer02.v_append,323591387,323751477,160090,167936,466944,0.09380625002086163,731453eee40e9848f06c0211ba287757267bdc39e2b35d24ac09137511a0987d
prefill.layer02.head00.qk,323751477,325580388,1828911,2168832,8134656,1.0683739159721881,8c479a94344834319aaf39727ef56fa6356597ce92a31de63d3d4bfb60ede0b8
prefill.layer02.head00.softmax,325580388,326070791,490403,459216,3397632,0.2912376249441877,6a891bd61f0e9b4b356621894da3879f189f2dc0d89f5099a009855b8100b4e1
prefill.layer02.head00.pv,326070791,326982593,911802,1808640,4686848,0.8159539169864729,733b53bd2709311d038c500890146979ee37e3134c5db45978c461469e21ab1a
prefill.layer02.head01.qk,326982593,328808455,1825862,2168832,8134656,1.062839625054039,2c079ea8c76de80640aa306546a88484be1924fb39997428aa75714d25319a4e
prefill.layer02.head01.softmax,328808455,329298290,489835,459216,3397632,0.28267333400435746,6a891bd61f0e9b4b356621894da3879f189f2dc0d89f5099a009855b8100b4e1
prefill.layer02.head01.pv,329298290,330208952,910662,1808640,4686848,0.8134620840428397,e632d4b66d5c1b1d53b3eb602a2d7ede5d24ef29ee3b663b083d3bcfdca8c4b1
prefill.layer02.head02.qk,330208952,332033359,1824407,2168832,8134656,1.0638841670006514,b1b1d24a66062ceb36f66004bbf71be4121084b83bc9a49fe29ae8013b237c4d
prefill.layer02.head02.softmax,332033359,332525810,492451,459216,3397632,0.28199429099913687,6a891bd61f0e9b4b356621894da3879f189f2dc0d89f5099a009855b8100b4e1
prefill.layer02.head02.pv,332525810,333439039,913229,1808640,4686848,0.815771916997619,fa77dd1fb93b90c74081606d02a9077a051cb2d4d0d54d6f10d844a42bfc0b37
prefill.layer02.head03.qk,333439039,335269789,1830750,2168832,8134656,1.0639751669950783,ded31c6c7782b260842e462377539720c16ed1aae01aeac2f7b28e0b238feb4c
prefill.layer02.head03.softmax,335269789,335755916,486127,459216,3397632,0.28172462503425777,6a891bd61f0e9b4b356621894da3879f189f2dc0d89f5099a009855b8100b4e1
prefill.layer02.head03.pv,335755916,336666405,910489,1808640,4686848,0.8124594999244437,bbadf5de723883933e005342a57e365adf6af0cc327513fb178e4da18bd16d57
prefill.layer02.head04.qk,336666405,338499467,1833062,2168832,8134656,1.0607593749882653,6522e2c211dbd7d72ad841e8256c3915f12425a643e3d0df16606d650ecbdb22
prefill.layer02.head04.softmax,338499467,338989326,489859,459216,3397632,0.2820064580300823,6a891bd61f0e9b4b356621894da3879f189f2dc0d89f5099a009855b8100b4e1
prefill.layer02.head04.pv,338989326,339902746,913420,1808640,4686848,0.8202107920078561,9692e16824a313e5c6e5a07b0c5cc7903cbfcfdb15883ac438dfa0b055862474
prefill.layer02.head05.qk,339902746,341732126,1829380,2168832,8134656,1.0833903750171885,d1ad3c72c5fa9f59810186352beb1cada2b9c9718019ad59f528125138121aa6
prefill.layer02.head05.softmax,341732126,342218653,486527,459216,3397632,0.2822150830179453,6a891bd61f0e9b4b356621894da3879f189f2dc0d89f5099a009855b8100b4e1
prefill.layer02.head05.pv,342218653,343131918,913265,1808640,4686848,0.8110579999629408,8d8c70969e911eae29685dbe980619fe855c02c85dc578d8888cef95065a1e82
prefill.layer02.head06.qk,343131918,344962903,1830985,2168832,8134656,1.0599432080052793,7c422b7b2d21ce0a28ebd2ac4ebc4a0ff788fcfb2c0985b8008db4c72917577b
prefill.layer02.head06.softmax,344962903,345449438,486535,459216,3397632,0.28066608298104256,6a891bd61f0e9b4b356621894da3879f189f2dc0d89f5099a009855b8100b4e1
prefill.layer02.head06.pv,345449438,346361348,911910,1808640,4686848,0.8110044160857797,71895036b6e0210e17c1575e1b4464940c0c9682e727d1bf633844592ec5244b
prefill.layer02.head07.qk,346361348,348193796,1832448,2168832,8134656,1.0607219589874148,ee87120681cf79f264ba7acaab9c0f208d2b51043ed40bb68b700bd737f4adb6
prefill.layer02.head07.softmax,348193796,348679645,485849,459216,3397632,0.2801365420455113,6a891bd61f0e9b4b356621894da3879f189f2dc0d89f5099a009855b8100b4e1
prefill.layer02.head07.pv,348679645,349594511,914866,1808640,4686848,0.8117865830427036,a598ff74cb1ac34bf10eb80af6e7b91ae648876969650c30ce758e721c0cbeee
prefill.layer02.head08.qk,349594511,351424621,1830110,2168832,8134656,1.0597290419973433,e1447cbd84607140f5c4699d085dfc851245d15c57945ac8272572c26430fa77
prefill.layer02.head08.softmax,351424621,351911233,486612,459216,3397632,0.28320462501142174,6a891bd61f0e9b4b356621894da3879f189f2dc0d89f5099a009855b8100b4e1
prefill.layer02.head08.pv,351911233,352822662,911429,1808640,4686848,0.8148684590123594,08548a6db2ee4ee07152317e461a548764b3d2fd3ca41bb8d65ddd8112fa4b5b
prefill.layer02.head09.qk,352822662,354646104,1823442,2168832,8134656,1.0632500409847125,889ac24f24991e50dcd65ce5a8226ffa2fca71b93641f42d4817d1d63867d4a0
prefill.layer02.head09.softmax,354646104,355132474,486370,459216,3397632,0.28292979195248336,6a891bd61f0e9b4b356621894da3879f189f2dc0d89f5099a009855b8100b4e1
prefill.layer02.head09.pv,355132474,356045006,912532,1808640,4686848,0.8288417920703068,913aba51ef99ab1e40dcf0662d104c480f215c2a0efb2127b32c4448f7af3339
prefill.layer02.head10.qk,356045006,357870842,1825836,2168832,8134656,1.082270915969275,9143b1530d9bbd719282059e29a1ed0235af581825259154254e7d1220d673fc
prefill.layer02.head10.softmax,357870842,358359695,488853,459216,3397632,0.27989316708408296,6a891bd61f0e9b4b356621894da3879f189f2dc0d89f5099a009855b8100b4e1
prefill.layer02.head10.pv,358359695,359273322,913627,1808640,4686848,0.8218256250256673,cd8e9f0f123b0b5e08c8a25b556acd03a2025cd046820b22459c326e8d95bfd2
prefill.layer02.head11.qk,359273322,361106038,1832716,2168832,8134656,1.0643741660751402,e51f6af22da0bac9ffd86e2fb4cb9c486b13eb592731e5b940dd70128568273e
prefill.layer02.head11.softmax,361106038,361594727,488689,459216,3397632,0.281870957929641,6a891bd61f0e9b4b356621894da3879f189f2dc0d89f5099a009855b8100b4e1
prefill.layer02.head11.pv,361594727,362506701,911974,1808640,4686848,0.8214803750161082,101f3754c1abb92f559c945b16a9c1eb9d6dea39ac89aeaeeafef736ed82d6c8
prefill.layer02.head12.qk,362506701,364340660,1833959,2168832,8134656,1.0791106660617515,827ff51df455bcac39ebe9a533d98847b423b11aeec7211bc4bcf3d8fc372a1e
prefill.layer02.head12.softmax,364340660,364826180,485520,459216,3397632,0.28247891704086214,6a891bd61f0e9b4b356621894da3879f189f2dc0d89f5099a009855b8100b4e1
prefill.layer02.head12.pv,364826180,365739261,913081,1808640,4686848,0.8287086250493303,2942abfd279cdc681dc76cc02d76d3ceb7a63fb5cef54f0426d39c03c2ff3bd2
prefill.layer02.head13.qk,365739261,367570500,1831239,2168832,8134656,1.064005083986558,8ba60a57cbf7232e79aba5873f9821d4ba0f0b375dfc18b86c0385e4cf1da81e
prefill.layer02.head13.softmax,367570500,368054418,483918,459216,3397632,0.279315207968466,6a891bd61f0e9b4b356621894da3879f189f2dc0d89f5099a009855b8100b4e1
prefill.layer02.head13.pv,368054418,368966781,912363,1808640,4686848,0.8088336670771241,77011b06d476798ff72666c05d2cce1a4bac0351b5a4be959ca68400dc9ae8d4
prefill.layer02.join_heads,368966781,369922064,955283,1032192,2924544,0.5539162080967799,2c337fa0b2251cb91fdf360a0ca5d096029f42752ab5eecdc5d714008a338285
prefill.layer02.o.pack_activation,369922064,370200590,278526,446208,1949696,0.2145764590241015,2e43949ed4896413e42d0e79d434f0d00addfea513b66b913c60c5f854c91ff9
prefill.layer02.o,370200590,376484430,6283840,2041088,59726464,1.724348167073913,8a314436f1cc6e1e7ff865e253db1204264728b8ec4c7409070589c0c09ff64c
prefill.layer02.attention_residual,376484430,377209385,724955,444416,3211264,0.29898016597144306,6492ec382866a5784e89f13947ce3260c02d2ab7b016aaedcea28a433d6cf91e
prefill.layer02.norm2,377209385,377716409,507024,522240,3862528,0.3113550409907475,73e8dd5e744e95f59d256bac71434072c57cc52283dafa45711da8b49de6ab3d
prefill.layer02.gate.pack_activation,377716409,377994935,278526,446208,1949696,0.2182014170102775,153a767b477450f29449b166d423b0dbc124593a3a58903a36c638792bba98a7
prefill.layer02.gate,377994935,408287144,30292209,11080192,324229376,9.128936875029467,b5e32d1f57c2d507c75b18c9b79ddb5dca6d9a8bb36407a23d2fb248d9506604
prefill.layer02.up.pack_activation,408287144,408566376,279232,446208,1949696,0.21928112499881536,153a767b477450f29449b166d423b0dbc124593a3a58903a36c638792bba98a7
prefill.layer02.up,408566376,441329359,32762983,11080192,324229376,9.324345833039843,c2efa056fc8b242fc27ccdd726c24ebfb88218f7b10e000aceec279b5f7f510b
prefill.layer02.swiglu,441329359,444541897,3212538,2451456,17432576,1.6111858749063686,c22c6ef05e19c2e5f1f30a193daa888d191fb07182f15862c8de1030411cf686
prefill.layer02.down.pack_activation,444541897,446044895,1502998,2422272,10584064,1.1916640000417829,2b81985b656e1bdc5b0fa4782b8b639710681de3ad738f5b1a5a798b7f8d478d
prefill.layer02.down,446044895,467492863,21447968,6540800,230382208,6.144522082991898,6d202d2fae6d66a6763b4fae0831ecb0e16b8d74cc2d7965d318ebcd60cc89b0
prefill.layer02.ffn_residual,467492863,468212719,719856,444416,3211264,0.30623487499542534,6492ec382866a5784e89f13947ce3260c02d2ab7b016aaedcea28a433d6cf91e
prefill.layer03.norm1,468212719,468734981,522262,522240,3862528,0.32394354103598744,ac74bb9cabe0763bb21fb052e21f955a92e2eca3ea2324d1032d08a547e630d4
prefill.layer03.q.pack_activation,468734981,469013507,278526,446208,1949696,0.22405812493525445,153a767b477450f29449b166d423b0dbc124593a3a58903a36c638792bba98a7
prefill.layer03.q,469013507,475298844,6285337,2057216,59787392,1.7625990000087768,f78add7a74a474e6b6cb400e903461e5e2ccfa1789b06e9a77b356ef9cc8ae73
prefill.layer03.k.pack_activation,475298844,475578076,279232,446208,1949696,0.21459949994459748,153a767b477450f29449b166d423b0dbc124593a3a58903a36c638792bba98a7
prefill.layer03.k,475578076,476336231,758155,293888,8541056,0.22989725007209927,af901794ecac675f4577e71d036fbfaccf4548bf0245fa651090ede73979c4a7
prefill.layer03.v.pack_activation,476336231,476615463,279232,446208,1949696,0.22359370801132172,153a767b477450f29449b166d423b0dbc124593a3a58903a36c638792bba98a7
prefill.layer03.v,476615463,477367282,751819,293888,8541056,0.2351937920320779,7d94bce0e0e58b1616709b2cfa5dd3e97902c5778cec7c22f16f019aaf263da5
prefill.layer03.rope_q,477367282,478204315,837033,860160,3641344,0.5352795419748873,220f4755401cb103c5f9a36aeed092e87dabd589943d9090f5529f4897fc6871
prefill.layer03.rope_k_append,478204315,478327310,122995,122880,520192,0.07661508303135633,c37105412726c363a9836927b6f21639f489724202b319856951e62cb1b13f47
prefill.layer03.v_append,478327310,478487400,160090,167936,466944,0.09516729100141674,79a0f91a017d52c22a5d0ec488c24912e980efb90f85512692fbee0cd18c9ad7
prefill.layer03.head00.qk,478487400,480315524,1828124,2168832,8134656,1.090503541054204,aa68da06cdfb495df81e1c5cec360545bdf45f5ecae712f9439d7a7fd1547e50
prefill.layer03.head00.softmax,480315524,480802919,487395,459216,3397632,0.2902020839974284,6a891bd61f0e9b4b356621894da3879f189f2dc0d89f5099a009855b8100b4e1
prefill.layer03.head00.pv,480802919,481714886,911967,1808640,4686848,0.8358470409875736,223926fe4c76c4b530ce5799205bcf7c78e5f7b96306fb159e19638d88a6e44e
prefill.layer03.head01.qk,481714886,483539880,1824994,2168832,8134656,1.0710085410391912,76d161c832729ea7df0b951cc068983dea91e2c61a48c2f6dae582ef8443635e
prefill.layer03.head01.softmax,483539880,484029428,489548,459216,3397632,0.28484166599810123,6a891bd61f0e9b4b356621894da3879f189f2dc0d89f5099a009855b8100b4e1
prefill.layer03.head01.pv,484029428,484941741,912313,1808640,4686848,0.8278803329449147,983c1f121b162f114b701c502088f30beb323ec51af26fa10a88f8b37249384e
prefill.layer03.head02.qk,484941741,486766531,1824790,2168832,8134656,1.0731888340087608,849bf5709da9cc32674428fa89cfe601583a5688c167413015447499f6d89b87
prefill.layer03.head02.softmax,486766531,487253343,486812,459216,3397632,0.2836585830664262,6a891bd61f0e9b4b356621894da3879f189f2dc0d89f5099a009855b8100b4e1
prefill.layer03.head02.pv,487253343,488166763,913420,1808640,4686848,0.8352323750732467,deccc3066987f7ef44f5d70bf14ea9752e35ced2c1f7ab982154cd4b7015ff0d
prefill.layer03.head03.qk,488166763,489996143,1829380,2168832,8134656,1.0590221249731258,a2dbdf7737630cd6065614fba7222143e34b71d475ceba516a5d9c362f6cdec6
prefill.layer03.head03.softmax,489996143,490482670,486527,459216,3397632,0.27957799995783716,6a891bd61f0e9b4b356621894da3879f189f2dc0d89f5099a009855b8100b4e1
prefill.layer03.head03.pv,490482670,491395935,913265,1808640,4686848,0.8324726249556988,3d1293643e2d317369151170050f2ea79c081c910f2f0107a8fd5ea84dc638d7
prefill.layer03.head04.qk,491395935,493226920,1830985,2168832,8134656,1.0504131669877097,4a7549f65bb9f977dde01e679bacbb318714efe00dca24b6dad27317695dcab4
prefill.layer03.head04.softmax,493226920,493713455,486535,459216,3397632,0.2783781250473112,6a891bd61f0e9b4b356621894da3879f189f2dc0d89f5099a009855b8100b4e1
prefill.layer03.head04.pv,493713455,494625365,911910,1808640,4686848,0.805485833901912,6ad5328a5c74b5988efaf1de309d8d4cf98fdfb68f99789fabfc241801da4484
prefill.layer03.head05.qk,494625365,496457813,1832448,2168832,8134656,1.0505593749694526,5a9c29250f177907689a33991130fe6a9fa640a01115a3805f55e8df9b8fc248
prefill.layer03.head05.softmax,496457813,496943662,485849,459216,3397632,0.28419445897452533,6a891bd61f0e9b4b356621894da3879f189f2dc0d89f5099a009855b8100b4e1
prefill.layer03.head05.pv,496943662,497858528,914866,1808640,4686848,0.8276178339729086,900dba05de16edc1fd1fc8f4c10c7b7e123ddf1158e5c307e876ab90e21f4d1b
prefill.layer03.head06.qk,497858528,499688638,1830110,2168832,8134656,1.076052458025515,f5b27ff8c8bdd3399470f486676bea2e606b15e3675c14b01df6f9baf53a381c
prefill.layer03.head06.softmax,499688638,500175250,486612,459216,3397632,0.2861748749855906,6a891bd61f0e9b4b356621894da3879f189f2dc0d89f5099a009855b8100b4e1
prefill.layer03.head06.pv,500175250,501086679,911429,1808640,4686848,0.8275094170821831,db5d0e046ff917fd7417d54555bdb0f1995a0db2407f0636dc180538d10d998d
prefill.layer03.head07.qk,501086679,502910121,1823442,2168832,8134656,1.0620430420385674,1be3d8d1364f8947257845f9e9380e285588a3ba0b1f402d6d00f2373ded84ce
prefill.layer03.head07.softmax,502910121,503396491,486370,459216,3397632,0.27955974999349564,6a891bd61f0e9b4b356621894da3879f189f2dc0d89f5099a009855b8100b4e1
prefill.layer03.head07.pv,503396491,504309023,912532,1808640,4686848,0.8081340419594198,a7fc2c9f71179742c4aef3fa6e5f512b5421ca1a94ba0badba6276457de67799
prefill.layer03.head08.qk,504309023,506134859,1825836,2168832,8134656,1.0489838330540806,a067c37946321cfebf22ec5fb61e0603c38d7ba3303fd4bca05da0e1f0100021
prefill.layer03.head08.softmax,506134859,506623712,488853,459216,3397632,0.28315695899073035,6a891bd61f0e9b4b356621894da3879f189f2dc0d89f5099a009855b8100b4e1
prefill.layer03.head08.pv,506623712,507537339,913627,1808640,4686848,0.8115974999964237,92e96119d6a27ae854215988448082f67ce99e9424210515af8448e7f2e0056c
prefill.layer03.head09.qk,507537339,509370055,1832716,2168832,8134656,1.054074625018984,31a2b1f02e37fa1d19e7d64eb03b9895774c6eb9f02adb02d7ea609436607abc
prefill.layer03.head09.softmax,509370055,509858744,488689,459216,3397632,0.28022883308585733,6a891bd61f0e9b4b356621894da3879f189f2dc0d89f5099a009855b8100b4e1
prefill.layer03.head09.pv,509858744,510770718,911974,1808640,4686848,0.8058550000423566,b07311e19ff2cc11ffd433da6183e25760a66712c7facd0e527b0b1ac4b4bc9c
prefill.layer03.head10.qk,510770718,512604677,1833959,2168832,8134656,1.0521080000326037,aedfaf0b9f69a351f54be3fde585eaca32bbe4d25b2f1d67c6b6d03b25433264
prefill.layer03.head10.softmax,512604677,513090197,485520,459216,3397632,0.27899700007401407,6a891bd61f0e9b4b356621894da3879f189f2dc0d89f5099a009855b8100b4e1
prefill.layer03.head10.pv,513090197,514003278,913081,1808640,4686848,0.818554624915123,27d1fb5b31be63d78b108fc492a60be59f71bb7479e1ed885c3dc3a6e0aafaef
prefill.layer03.head11.qk,514003278,515834517,1831239,2168832,8134656,1.0516072920290753,8d7b56b424d2a3360260c0dee55917612cb2fa22f5e3750ac429815ab5b4151d
prefill.layer03.head11.softmax,515834517,516318435,483918,459216,3397632,0.2773854580009356,6a891bd61f0e9b4b356621894da3879f189f2dc0d89f5099a009855b8100b4e1
prefill.layer03.head11.pv,516318435,517230798,912363,1808640,4686848,0.8074837919557467,8e6a3ef2cf2889b9b8aea40df22d7b0d70ead2412f2b71d25321c5d94b05ac14
prefill.layer03.head12.qk,517230798,519055588,1824790,2168832,8134656,1.0533813330112025,8f8c7dbf2b37fb63ae3a6df97cce72ee82f0897190b513e1445bcb2cefe3720f
prefill.layer03.head12.softmax,519055588,519542400,486812,459216,3397632,0.28056379209738225,6a891bd61f0e9b4b356621894da3879f189f2dc0d89f5099a009855b8100b4e1
prefill.layer03.head12.pv,519542400,520455820,913420,1808640,4686848,0.807236708002165,0c56521c33ec81a5bcf67a5889d11eaaeb7867ac72fe23e90bed415bb2dea8c6
prefill.layer03.head13.qk,520455820,522285200,1829380,2168832,8134656,1.065774125047028,07c0d8852aedbbea245ecec3ac59f7eca5f53253f77f429f291f78c97accd761
prefill.layer03.head13.softmax,522285200,522771727,486527,459216,3397632,0.2837028750218451,6a891bd61f0e9b4b356621894da3879f189f2dc0d89f5099a009855b8100b4e1
prefill.layer03.head13.pv,522771727,523684992,913265,1808640,4686848,0.8083526669070125,87ca45341af0073b5757ecbe9b6f4bc547fb297003a5dce090e3b3becf72a7f8
prefill.layer03.join_heads,523684992,524643219,958227,1032192,2924544,0.5541140830609947,2c337fa0b2251cb91fdf360a0ca5d096029f42752ab5eecdc5d714008a338285
prefill.layer03.o.pack_activation,524643219,524921745,278526,446208,1949696,0.21503387507982552,2e43949ed4896413e42d0e79d434f0d00addfea513b66b913c60c5f854c91ff9
prefill.layer03.o,524921745,531184460,6262715,2041088,59726464,1.7105277499649674,3255ad7c8470beff65a17878520cc35a304fa5d63398853df75980c1be1ae534
prefill.layer03.attention_residual,531184460,531905975,721515,444416,3211264,0.2993741249665618,6492ec382866a5784e89f13947ce3260c02d2ab7b016aaedcea28a433d6cf91e
prefill.layer03.norm2,531905975,532421855,515880,522240,3862528,0.3145501660183072,2de96581738d3aa68d4d7c14e4c55c7954c2f07fb0ffb2046b40866e83c52422
prefill.layer03.gate.pack_activation,532421855,532699747,277892,446208,1949696,0.2167218750109896,153a767b477450f29449b166d423b0dbc124593a3a58903a36c638792bba98a7
prefill.layer03.gate,532699747,564146192,31446445,11080192,324229376,9.184069041977637,0aff5d32ec32c7dfd6c4d8d1035485236bab3022eadc0cb633e6adf890f244db
prefill.layer03.up.pack_activation,564146192,564425438,279246,446208,1949696,0.21654870791826397,153a767b477450f29449b166d423b0dbc124593a3a58903a36c638792bba98a7
prefill.layer03.up,564425438,596952528,32527090,11080192,324229376,9.266708208015189,5e01010aef974e6435aa62c80dda34d7a5fb7689a0acb939c1c4f858b829eb9d
prefill.layer03.swiglu,596952528,600165521,3212993,2451456,17432576,1.5302708329400048,c22c6ef05e19c2e5f1f30a193daa888d191fb07182f15862c8de1030411cf686
prefill.layer03.down.pack_activation,600165521,601668519,1502998,2422272,10584064,1.1708577501121908,2b81985b656e1bdc5b0fa4782b8b639710681de3ad738f5b1a5a798b7f8d478d
prefill.layer03.down,601668519,623843659,22175140,6540800,230382208,6.113748874980956,157c6fa63e0d2a20ebdb09df3c903e3600648cbe0f3e333fbf0dd5e624a6b3c0
prefill.layer03.ffn_residual,623843659,624565174,721515,444416,3211264,0.2959409160539508,6492ec382866a5784e89f13947ce3260c02d2ab7b016aaedcea28a433d6cf91e
prefill.layer04.norm1,624565174,625090044,524870,522240,3862528,0.31109299999661744,8cb47b27ddc355ba971841c39c0da46a7d0e0e4af778baf66f56a57932aafe27
prefill.layer04.q.pack_activation,625090044,625368552,278508,446208,1949696,0.2178604999789968,153a767b477450f29449b166d423b0dbc124593a3a58903a36c638792bba98a7
prefill.layer04.q,625368552,631626304,6257752,2057216,59787392,1.71980241604615,0638525cbb0f43f522feb0ab9c323f880b9160d9b6f063193d7c821c2d8f2f23
prefill.layer04.k.pack_activation,631626304,631905536,279232,446208,1949696,0.2199618750018999,153a767b477450f29449b166d423b0dbc124593a3a58903a36c638792bba98a7
prefill.layer04.k,631905536,632657743,752207,293888,8541056,0.23186908394563943,4106cef01dd85843594136c23ed43df016cc316ccd8b41b000e1ac0cc9f0919f
prefill.layer04.v.pack_activation,632657743,632936975,279232,446208,1949696,0.22047720896080136,153a767b477450f29449b166d423b0dbc124593a3a58903a36c638792bba98a7
prefill.layer04.v,632936975,633693686,756711,293888,8541056,0.23212004196830094,42937d2a5549e2dfd310afd39067247d490640992bca6d8a62245d866938c688
prefill.layer04.rope_q,633693686,634528039,834353,860160,3641344,0.5271828749682754,220f4755401cb103c5f9a36aeed092e87dabd589943d9090f5529f4897fc6871
prefill.layer04.rope_k_append,634528039,634650411,122372,122880,520192,0.0736180420499295,6dd31ecaade693d620c2bcccb1973c94c534e6ca44826787d789cbe71bb30ea3
prefill.layer04.v_append,634650411,634810501,160090,167936,466944,0.09161929204128683,56fb3009bb43fe266683f8447da1d4e05f3c356ceb903887de019c0a92fba6d1
prefill.layer04.head00.qk,634810501,636639412,1828911,2168832,8134656,1.0542785410070792,636187ffe54e4f36e31ccfc4d4f4a10a11163e19c72e9428e7bd1c80563afba1
prefill.layer04.head00.softmax,636639412,637129815,490403,459216,3397632,0.2798755000112578,6a891bd61f0e9b4b356621894da3879f189f2dc0d89f5099a009855b8100b4e1
prefill.layer04.head00.pv,637129815,638041617,911802,1808640,4686848,0.8082836249377578,e1892bdf942286dd1ddce58dacb342ad0f602db96606a754e801477d84a52bf5
prefill.layer04.head01.qk,638041617,639867479,1825862,2168832,8134656,1.0588937909342349,b88ddcaa2380e625bfc21e9158ca98b6267d063d74176e5b6726b658866c4ec3
prefill.layer04.head01.softmax,639867479,640357314,489835,459216,3397632,0.2821640420006588,6a891bd61f0e9b4b356621894da3879f189f2dc0d89f5099a009855b8100b4e1
prefill.layer04.head01.pv,640357314,641267976,910662,1808640,4686848,0.8122152920113876,d44b60496170cb3c2a06fa9a70ffe7d99e6dfa9e3de6954edb30b0a846633a50
prefill.layer04.head02.qk,641267976,643092383,1824407,2168832,8134656,1.0567249580053613,1bdad1d453c94172b3716c21cb72bca087df67cf737f130480aebd6f67b1ab99
prefill.layer04.head02.softmax,643092383,643584834,492451,459216,3397632,0.2815255840541795,6a891bd61f0e9b4b356621894da3879f189f2dc0d89f5099a009855b8100b4e1
prefill.layer04.head02.pv,643584834,644498063,913229,1808640,4686848,0.8098452499834821,67a3407a0349aabe06f70b4687f795b00db6d104ef200e559e7b3cba5836abeb
prefill.layer04.head03.qk,644498063,646328813,1830750,2168832,8134656,1.0559652919182554,205159e1ec73269046ec4b026d69b6b0e296e16f5f10bee217a9d835dbb23eac
prefill.layer04.head03.softmax,646328813,646814940,486127,459216,3397632,0.27991029201075435,6a891bd61f0e9b4b356621894da3879f189f2dc0d89f5099a009855b8100b4e1
prefill.layer04.head03.pv,646814940,647725429,910489,1808640,4686848,0.8094559590099379,884a836cc2d2a5be276df615fb28d03d3fc8df9e6c2a8a8653d1a52a62117654
prefill.layer04.head04.qk,647725429,649558491,1833062,2168832,8134656,1.0541751669952646,e4102b40e04e5bc8345dd9bae9fa35efad4b3050b5e80970e6d4b7f5ef2a32d0
prefill.layer04.head04.softmax,649558491,650048350,489859,459216,3397632,0.2816442500334233,6a891bd61f0e9b4b356621894da3879f189f2dc0d89f5099a009855b8100b4e1
prefill.layer04.head04.pv,650048350,650961770,913420,1808640,4686848,0.8118580840528011,41e8279646a47207aa191d1a4341b764c5dd917bf2029b0a95085c36590da4e4
prefill.layer04.head05.qk,650961770,652791150,1829380,2168832,8134656,1.05646737490315,f8e726d80bd8abeaee2a2030c5ce0634dd395e8ddc7c166877b7ba1ac135d6b0
prefill.layer04.head05.softmax,652791150,653277677,486527,459216,3397632,0.28041612508241087,6a891bd61f0e9b4b356621894da3879f189f2dc0d89f5099a009855b8100b4e1
prefill.layer04.head05.pv,653277677,654190942,913265,1808640,4686848,0.8082456670235842,26b9f37f3d88b6a75d7a83299b90aa98c3c34fed69fcbc030e5eb420b60e30ce
prefill.layer04.head06.qk,654190942,656021927,1830985,2168832,8134656,1.0556767500238493,de74e1633d0fb75ad94a42f3718e8725e639c9cd7a12cea9d1dcd1186174696f
prefill.layer04.head06.softmax,656021927,656508462,486535,459216,3397632,0.2823362910421565,6a891bd61f0e9b4b356621894da3879f189f2dc0d89f5099a009855b8100b4e1
prefill.layer04.head06.pv,656508462,657420372,911910,1808640,4686848,0.8127760000061244,4f28a74d02fb5c0ec54debcd8d1b91167aeb5fad3a627714bf48ffe32fb0d4bb
prefill.layer04.head07.qk,657420372,659252820,1832448,2168832,8134656,1.0556102090049535,72c4a15c534515afaff732beaab2fce5a71ad6187e1890ea57f216f47ddcccd4
prefill.layer04.head07.softmax,659252820,659738669,485849,459216,3397632,0.28005675005260855,6a891bd61f0e9b4b356621894da3879f189f2dc0d89f5099a009855b8100b4e1
prefill.layer04.head07.pv,659738669,660653535,914866,1808640,4686848,0.810738957952708,b3c91dc0ddad376fcca83d1f399c8da6039b698850ee2ee2b7c7290bac5c7204
prefill.layer04.head08.qk,660653535,662483645,1830110,2168832,8134656,1.0552461670013145,24ed2530c75a73f804c6a753ad8142468456259ee3cebefbc88f006257f7e81b
prefill.layer04.head08.softmax,662483645,662970257,486612,459216,3397632,0.28039545798674226,6a891bd61f0e9b4b356621894da3879f189f2dc0d89f5099a009855b8100b4e1
prefill.layer04.head08.pv,662970257,663881686,911429,1808640,4686848,0.8083505840040743,24de7212a60a62878cb099f4df3c9388232f2e2875224a4389590fa28f4ac925
prefill.layer04.head09.qk,663881686,665705128,1823442,2168832,8134656,1.0531635000370443,238be3bda64914f4def36d3d324f03b747f59e96934e28937145818cf5c02f8b
prefill.layer04.head09.softmax,665705128,666191498,486370,459216,3397632,0.2840820829151198,6a891bd61f0e9b4b356621894da3879f189f2dc0d89f5099a009855b8100b4e1
prefill.layer04.head09.pv,666191498,667104030,912532,1808640,4686848,0.8116703749401495,32fd0b7c95ff6fd1ef50d703f81adc0a59307e6c98988a055be299b03c03155d
prefill.layer04.head10.qk,667104030,668929866,1825836,2168832,8134656,1.0553094589849934,46b586297b520c18d570868ecc6eea89f343b2c6137c793646a6655cc7a45607
prefill.layer04.head10.softmax,668929866,669418719,488853,459216,3397632,0.2814776669256389,6a891bd61f0e9b4b356621894da3879f189f2dc0d89f5099a009855b8100b4e1
prefill.layer04.head10.pv,669418719,670332346,913627,1808640,4686848,0.8111553339986131,2fea9ec23dd2be454bb65d265c0a0638e9ebc2a765245a4d6cda41207fba96bb
prefill.layer04.head11.qk,670332346,672165062,1832716,2168832,8134656,1.054892958025448,ea74946bc2fef738e14e6b77e5553baaa677b28b48ce4aa0a6d971da711e13b0
prefill.layer04.head11.softmax,672165062,672653751,488689,459216,3397632,0.2812330829910934,6a891bd61f0e9b4b356621894da3879f189f2dc0d89f5099a009855b8100b4e1
prefill.layer04.head11.pv,672653751,673565725,911974,1808640,4686848,0.8165365000022575,38dd4d0a35e91b30bdb06004c9440ce664ba6b67ab55bf5039538944a7eed38c
prefill.layer04.head12.qk,673565725,675399684,1833959,2168832,8134656,1.0587518330430612,f2f83089d14d394dc9a67acc3d245fdd9d052b739d9fffacd7f144bde0d55cc4
prefill.layer04.head12.softmax,675399684,675885204,485520,459216,3397632,0.2780464170500636,6a891bd61f0e9b4b356621894da3879f189f2dc0d89f5099a009855b8100b4e1
prefill.layer04.head12.pv,675885204,676798285,913081,1808640,4686848,0.8057248749537393,c460192c2d25f296846d8fc2e598df120e0182408dfb08445912fe3ae50c76f5
prefill.layer04.head13.qk,676798285,678629524,1831239,2168832,8134656,1.0507470419397578,0796b097d5b887bd154a64a98c3133a7e953d4a5445c1f271b03bb2ed716821b
prefill.layer04.head13.softmax,678629524,679113442,483918,459216,3397632,0.27850549994036555,6a891bd61f0e9b4b356621894da3879f189f2dc0d89f5099a009855b8100b4e1
prefill.layer04.head13.pv,679113442,680025805,912363,1808640,4686848,0.8060414589708671,b2b3d037881652620bea206d37e79057674fa511da4d0bd9295859951eaff38d
prefill.layer04.join_heads,680025805,680981088,955283,1032192,2924544,0.5530883750179783,2c337fa0b2251cb91fdf360a0ca5d096029f42752ab5eecdc5d714008a338285
prefill.layer04.o.pack_activation,680981088,681259614,278526,446208,1949696,0.217807583976537,2e43949ed4896413e42d0e79d434f0d00addfea513b66b913c60c5f854c91ff9
prefill.layer04.o,681259614,687487908,6228294,2041088,59726464,1.681807916960679,458c895edc05b3d75f40350a7ea5c87fd16a04b8685327a9f27a1f9e61e4efc6
prefill.layer04.attention_residual,687487908,688211804,723896,444416,3211264,0.2957454170100391,6492ec382866a5784e89f13947ce3260c02d2ab7b016aaedcea28a433d6cf91e
prefill.layer04.norm2,688211804,688723686,511882,522240,3862528,0.3120322920149192,5bab02ebb7554c623c3b4f1955678969e2aaa53ec463593caa1601fc86049c75
prefill.layer04.gate.pack_activation,688723686,689002246,278560,446208,1949696,0.21470720903016627,153a767b477450f29449b166d423b0dbc124593a3a58903a36c638792bba98a7
prefill.layer04.gate,689002246,720941518,31939272,11080192,324229376,9.110652374918573,9e654fb5b1e16d000cc284be28e87bda29aa4ee78741dd03f9c6f023e64d4ec5
prefill.layer04.up.pack_activation,720941518,721220750,279232,446208,1949696,0.22660466597881168,153a767b477450f29449b166d423b0dbc124593a3a58903a36c638792bba98a7
prefill.layer04.up,721220750,753865083,32644333,11080192,324229376,9.200555750052445,c91c0bcf34fc510dd5cd4499bb83bfb17278ea9a166cb3bf88b53c24be1a2258
prefill.layer04.swiglu,753865083,757088429,3223346,2451456,17432576,1.5531559579540044,c22c6ef05e19c2e5f1f30a193daa888d191fb07182f15862c8de1030411cf686
prefill.layer04.down.pack_activation,757088429,758591427,1502998,2422272,10584064,1.1683121249079704,2b81985b656e1bdc5b0fa4782b8b639710681de3ad738f5b1a5a798b7f8d478d
prefill.layer04.down,758591427,780249695,21658268,6540800,230382208,5.997786541003734,bb6fad6c54cf55debb31cc20a3bba5b939d543e1ab3afd428650151148854f90
prefill.layer04.ffn_residual,780249695,780972098,722403,444416,3211264,0.2961652079829946,6492ec382866a5784e89f13947ce3260c02d2ab7b016aaedcea28a433d6cf91e
prefill.layer05.norm1,780972098,781488823,516725,522240,3862528,0.3103567080106586,9ef1238572c7832a4b6245d94233c0a27eac7af7bb5d7b8d61e47055bb2b1c8b
prefill.layer05.q.pack_activation,781488823,781767349,278526,446208,1949696,0.2177122919820249,153a767b477450f29449b166d423b0dbc124593a3a58903a36c638792bba98a7
prefill.layer05.q,781767349,788086382,6319033,2057216,59787392,1.723821916966699,9d8557ea12cdb061ec5f3eabb521cdd5443e267294b078fee82bd230e7b6aeb1
prefill.layer05.k.pack_activation,788086382,788365409,279027,446208,1949696,0.21792220789939165,153a767b477450f29449b166d423b0dbc124593a3a58903a36c638792bba98a7
prefill.layer05.k,788365409,789129444,764035,293888,8541056,0.23279558296781033,426fc0b386e2eb3c5386e6d354c57c4ca18e727fafc15bd654bd07f019d6c64e
prefill.layer05.v.pack_activation,789129444,789406899,277455,446208,1949696,0.2204198749968782,153a767b477450f29449b166d423b0dbc124593a3a58903a36c638792bba98a7
prefill.layer05.v,789406899,790163441,756542,293888,8541056,0.2317178330849856,2b5327e1aba969b3370262fe6095eaf4deed850efb4d4f9074a50364edb769de
prefill.layer05.rope_q,790163441,791001567,838126,860160,3641344,0.5261105000972748,220f4755401cb103c5f9a36aeed092e87dabd589943d9090f5529f4897fc6871
prefill.layer05.rope_k_append,791001567,791123939,122372,122880,520192,0.07516083400696516,8c40e93d67bcd95d420544a54e13f473fb79e589e7cd43d405d109a2706898d8
prefill.layer05.v_append,791123939,791284029,160090,167936,466944,0.09361816698219627,83c26d1e676ee81900994f1d647acf6433632198a3099e78c44c6d4cdfdb1826
prefill.layer05.head00.qk,791284029,793108819,1824790,2168832,8134656,1.0696431659162045,edec64ab10adf57da4d85aba985d5906e10625548c361b462cdf34a7bb0db77d
prefill.layer05.head00.softmax,793108819,793595631,486812,459216,3397632,0.28751533303875476,6a891bd61f0e9b4b356621894da3879f189f2dc0d89f5099a009855b8100b4e1
prefill.layer05.head00.pv,793595631,794509051,913420,1808640,4686848,0.8241037919651717,c2ccc7ab75ef89719732242e4395305b1c7de8b9cb34ea9737f989cdd53b3fc3
prefill.layer05.head01.qk,794509051,796338431,1829380,2168832,8134656,1.0708117500180379,fe897e48b4d9f51181b9af4c3cc86401db680a9ef610a9c6ea2aa7855f58726d
prefill.layer05.head01.softmax,796338431,796824958,486527,459216,3397632,0.28019424993544817,6a891bd61f0e9b4b356621894da3879f189f2dc0d89f5099a009855b8100b4e1
prefill.layer05.head01.pv,796824958,797738223,913265,1808640,4686848,0.8058758749393746,4045d826524c7246ec08e243dec881976cee6aa5e99adf96a418b69b4a1f80c5
prefill.layer05.head02.qk,797738223,799569208,1830985,2168832,8134656,1.0530501670436934,a91440a9469487f398357fc315608f274da8362fedc6ac03b9d29525ca1a91df
prefill.layer05.head02.softmax,799569208,800055743,486535,459216,3397632,0.2793411670718342,6a891bd61f0e9b4b356621894da3879f189f2dc0d89f5099a009855b8100b4e1
prefill.layer05.head02.pv,800055743,800967653,911910,1808640,4686848,0.8049417500151321,06e763eec4b1c4d4036a3cd7c97a761bb6874cc9022fbf187dec65e0f967b89d
prefill.layer05.head03.qk,800967653,802800101,1832448,2168832,8134656,1.0545219579944387,995bf5b802d087a8257b27febe3789d8afe39e72f34396231002171aac00e1c0
prefill.layer05.head03.softmax,802800101,803285950,485849,459216,3397632,0.28131704207044095,6a891bd61f0e9b4b356621894da3879f189f2dc0d89f5099a009855b8100b4e1
prefill.layer05.head03.pv,803285950,804200816,914866,1808640,4686848,0.8145838329801336,4c15971b663f1ea2976a69e387915e75cc15c53efe1565b91a6be62000ad3c8c
prefill.layer05.head04.qk,804200816,806030926,1830110,2168832,8134656,1.059367874986492,632704ee9dfaf82fd7a4e9a83e102281eb1e14f4fb8f0c7dc574f11e61c9f992
prefill.layer05.head04.softmax,806030926,806517538,486612,459216,3397632,0.2819264590507373,6a891bd61f0e9b4b356621894da3879f189f2dc0d89f5099a009855b8100b4e1
prefill.layer05.head04.pv,806517538,807428967,911429,1808640,4686848,0.8127654999261722,6d30e1d1d92a27ecd4e6ae5c37b529900dd314def5b1195466657b81773b15e8
prefill.layer05.head05.qk,807428967,809252409,1823442,2168832,8134656,1.06620858295355,22566aabb8718ea57e5bcf77d009319dc4e833764e51b3b580608505389ee8d0
prefill.layer05.head05.softmax,809252409,809738779,486370,459216,3397632,0.28444299998227507,6a891bd61f0e9b4b356621894da3879f189f2dc0d89f5099a009855b8100b4e1
prefill.layer05.head05.pv,809738779,810651311,912532,1808640,4686848,0.8172355419956148,bda8f3175302bee0e10ba756b29ebfcd84b8148bbf382b08b48d8f69ab75f6cf
prefill.layer05.head06.qk,810651311,812477147,1825836,2168832,8134656,1.0556553750066087,a5070f6fa14fcdb568855f91a829b887abc778e7f5b3c7c442b71188edd81ca4
prefill.layer05.head06.softmax,812477147,812966000,488853,459216,3397632,0.2809758340008557,6a891bd61f0e9b4b356621894da3879f189f2dc0d89f5099a009855b8100b4e1
prefill.layer05.head06.pv,812966000,813879627,913627,1808640,4686848,0.807088291971013,c8bee062578c5cb49b60fa0cfc2f10e6584d98c7910ed11baf569761f1f5d867
prefill.layer05.head07.qk,813879627,815712343,1832716,2168832,8134656,1.0564622499514371,112f31fc29e6872b02a7bdab67cb25ff1c1c1858da1c1ff43a245b0d8003b969
prefill.layer05.head07.softmax,815712343,816201032,488689,459216,3397632,0.27898250008001924,6a891bd61f0e9b4b356621894da3879f189f2dc0d89f5099a009855b8100b4e1
prefill.layer05.head07.pv,816201032,817113006,911974,1808640,4686848,0.8057837090454996,9bd817e15f7894f4be2f8362b88995e638cfd231aef8563dd9ab4938935cf712
prefill.layer05.head08.qk,817113006,818946965,1833959,2168832,8134656,1.065857082954608,d9b6ccb17e08a8c2fe620553754ac6bfea54d3016994a9621be2d6605f6e7e13
prefill.layer05.head08.softmax,818946965,819432485,485520,459216,3397632,0.2800430830102414,6a891bd61f0e9b4b356621894da3879f189f2dc0d89f5099a009855b8100b4e1
prefill.layer05.head08.pv,819432485,820345566,913081,1808640,4686848,0.8241947919595987,a3c5aaa9e1cba5c14e97d6421aae2e14188fa775a63d2735e5d982381bcb773e
prefill.layer05.head09.qk,820345566,822176805,1831239,2168832,8134656,1.0710900829872116,e4f790b14e5f6dbfdaf3dd8b47a49b8b7d0dbbf8ea95b9f7827fdaf2fa89cb19
prefill.layer05.head09.softmax,822176805,822660723,483918,459216,3397632,0.2841618340462446,6a891bd61f0e9b4b356621894da3879f189f2dc0d89f5099a009855b8100b4e1
prefill.layer05.head09.pv,822660723,823573086,912363,1808640,4686848,0.8220001669833437,e2170cf4b8bbd9c63c5ebc6fa171f233f3357441a6ecb0375a8600c2b810aedc
prefill.layer05.head10.qk,823573086,825397876,1824790,2168832,8134656,1.0698969999793917,7ec413d979d1f4bd29647c13c8377ff31ad60a1ffd02e842af753aaa8b18221e
prefill.layer05.head10.softmax,825397876,825884688,486812,459216,3397632,0.2863116670632735,6a891bd61f0e9b4b356621894da3879f189f2dc0d89f5099a009855b8100b4e1
prefill.layer05.head10.pv,825884688,826798108,913420,1808640,4686848,0.8176627500215545,8cf41e3cf83461a42ada4aeea51d4bcea0c1a76f2ec6b70875727a64cc475d9e
prefill.layer05.head11.qk,826798108,828627488,1829380,2168832,8134656,1.055847791954875,ae545e1a535f41321d48244b4d156f40505a68f6e8fc31b90ca9d0909037687b
prefill.layer05.head11.softmax,828627488,829114015,486527,459216,3397632,0.27971029200125486,6a891bd61f0e9b4b356621894da3879f189f2dc0d89f5099a009855b8100b4e1
prefill.layer05.head11.pv,829114015,830027280,913265,1808640,4686848,0.8060080000432208,c2cdd977e14f313f6bebf41747dafed52f1163daf69a3259958582c669c4e9b8
prefill.layer05.head12.qk,830027280,831858265,1830985,2168832,8134656,1.056588958017528,e6199117fd23aca0108fd9cac6ef6d76be1c2131c7115ee92fa0a060d186db79
prefill.layer05.head12.softmax,831858265,832344800,486535,459216,3397632,0.2866666669724509,6a891bd61f0e9b4b356621894da3879f189f2dc0d89f5099a009855b8100b4e1
prefill.layer05.head12.pv,832344800,833256710,911910,1808640,4686848,0.8237024999689311,48522f3416c89063a107d4c0e864c43e5592f2e24d6278ede9a6f95777b79e60
prefill.layer05.head13.qk,833256710,835089158,1832448,2168832,8134656,1.0544077910017222,417a9007427014bd434f0fe6a71c0b6d04cf50d618bd7c32d0aed6873a8b5886
prefill.layer05.head13.softmax,835089158,835575007,485849,459216,3397632,0.27984649990685284,6a891bd61f0e9b4b356621894da3879f189f2dc0d89f5099a009855b8100b4e1
prefill.layer05.head13.pv,835575007,836489873,914866,1808640,4686848,0.8031307499622926,4214fbe9c3f2bfc73ac57be14e1f8dc2a982b9c1f04643f7448ffed1ace9e072
prefill.layer05.join_heads,836489873,837442378,952505,1032192,2924544,0.5526452499907464,2c337fa0b2251cb91fdf360a0ca5d096029f42752ab5eecdc5d714008a338285
prefill.layer05.o.pack_activation,837442378,837720904,278526,446208,1949696,0.21497154200915247,2e43949ed4896413e42d0e79d434f0d00addfea513b66b913c60c5f854c91ff9
prefill.layer05.o,837720904,844039992,6319088,2041088,59726464,1.7005309170344844,1f739aa750b0c62c00630b0d03a837883faca0c53d14cad81afef48249f68fc9
prefill.layer05.attention_residual,844039992,844759772,719780,444416,3211264,0.29521450004540384,6492ec382866a5784e89f13947ce3260c02d2ab7b016aaedcea28a433d6cf91e
prefill.layer05.norm2,844759772,845268443,508671,522240,3862528,0.31629658304154873,b6b7ecd10ab6b1cca0bd3b81b054fab3cc008bfd757428087e996571ba7dea68
prefill.layer05.gate.pack_activation,845268443,845545682,277239,446208,1949696,0.21629799995571375,153a767b477450f29449b166d423b0dbc124593a3a58903a36c638792bba98a7
prefill.layer05.gate,845545682,878305753,32760071,11080192,324229376,9.289885667036287,e8819ef9c28f281d832d0a99e05f87a99292ba49a887ae141d572718510d0e80
prefill.layer05.up.pack_activation,878305753,878584985,279232,446208,1949696,0.2144530409714207,153a767b477450f29449b166d423b0dbc124593a3a58903a36c638792bba98a7
prefill.layer05.up,878584985,910922932,32337947,11080192,324229376,9.217302541946992,7e0180bc69b466490f3be140348c1418098e8a5f17b815b59453e0d476cb6f14
prefill.layer05.swiglu,910922932,914130681,3207749,2451456,17432576,1.5407942909514531,c22c6ef05e19c2e5f1f30a193daa888d191fb07182f15862c8de1030411cf686
prefill.layer05.down.pack_activation,914130681,915633679,1502998,2422272,10584064,1.1690437500365078,2b81985b656e1bdc5b0fa4782b8b639710681de3ad738f5b1a5a798b7f8d478d
prefill.layer05.down,915633679,936580507,20946828,6540800,230382208,5.932545750052668,8ed7321109e0f54f3ecfd6f619c623cbea4382793cf9239f8a89ddba7bce2896
prefill.layer05.ffn_residual,936580507,937306316,725809,444416,3211264,0.2978285839781165,6492ec382866a5784e89f13947ce3260c02d2ab7b016aaedcea28a433d6cf91e
prefill.layer06.norm1,937306316,937829664,523348,522240,3862528,0.3128693330800161,bc43e56ac2b3ce1d5b00a9e3aed579aed9b3fc9d8d8334d5a5d4fbd72fee5e6c
prefill.layer06.q.pack_activation,937829664,938108190,278526,446208,1949696,0.21533362509217113,153a767b477450f29449b166d423b0dbc124593a3a58903a36c638792bba98a7
prefill.layer06.q,938108190,944396727,6288537,2057216,59787392,1.6960516669787467,9703840c5e223c796c56607862b53916f5a0d3a081fcbaa91b06b08addf464aa
prefill.layer06.k.pack_activation,944396727,944675959,279232,446208,1949696,0.2153076670365408,153a767b477450f29449b166d423b0dbc124593a3a58903a36c638792bba98a7
prefill.layer06.k,944675959,945437607,761648,293888,8541056,0.22847033303696662,f2bb2d12b54ea1a33a16d4260147160f777ea60c6126bd217fe1b472d7a5ad4f
prefill.layer06.v.pack_activation,945437607,945712503,274896,446208,1949696,0.2146807920653373,153a767b477450f29449b166d423b0dbc124593a3a58903a36c638792bba98a7
prefill.layer06.v,945712503,946472078,759575,293888,8541056,0.22933591704349965,1f7b38184e240a66f7215a074771d78265411582b6512c6e2d5047b985d0d2c3
prefill.layer06.rope_q,946472078,947309119,837041,860160,3641344,0.5183458330575377,220f4755401cb103c5f9a36aeed092e87dabd589943d9090f5529f4897fc6871
prefill.layer06.rope_k_append,947309119,947432114,122995,122880,520192,0.07634029199834913,2940572fa4aa0014407e7229631f30e872ce5d0d270375ed6bdfa5d100bcd903
prefill.layer06.v_append,947432114,947592204,160090,167936,466944,0.09493575000669807,224457372c6b4f2511f6a903efbffe9e068432d5ff0cb5b636e99ba62a72700b
prefill.layer06.head00.qk,947592204,949424344,1832140,2168832,8134656,1.060461250017397,e61ff758cf098b0fe6cad3467cff1c9a15b06a4de2bffa7804edfff868e28509
prefill.layer06.head00.softmax,949424344,949909846,485502,459216,3397632,0.28468337503727525,6a891bd61f0e9b4b356621894da3879f189f2dc0d89f5099a009855b8100b4e1
prefill.layer06.head00.pv,949909846,950822087,912241,1808640,4686848,0.8165787910111248,22ea28c7c13ef03ea145b518366c02a75da780b6506fee197f4ae9c6c0721cb4
prefill.layer06.head01.qk,950822087,952649412,1827325,2168832,8134656,1.0587342079961672,d491a1836201377adb523d073b72e924eddf8e2de87ac69cc89bc9ebb55ebf4a
prefill.layer06.head01.softmax,952649412,953136289,486877,459216,3397632,0.28483966598287225,6a891bd61f0e9b4b356621894da3879f189f2dc0d89f5099a009855b8100b4e1
prefill.layer06.head01.pv,953136289,954047948,911659,1808640,4686848,0.8233586669666693,d9352a5423de9195758e397f1e5b4750d1e26e5a63b30876e62e9a96f27c8788
prefill.layer06.head02.qk,954047948,955872007,1824059,2168832,8134656,1.0635456659365445,7e3d3c28314f49cbe57e11d8027499b0f8e7a182ee95f5fc35e9927403acef0e
prefill.layer06.head02.softmax,955872007,956361399,489392,459216,3397632,0.29075979092158377,6a891bd61f0e9b4b356621894da3879f189f2dc0d89f5099a009855b8100b4e1
prefill.layer06.head02.pv,956361399,957275151,913752,1808640,4686848,0.835887833032757,84b57fa803d2e9c010aa5de4c425af4737f03597ef1d100b37fdc239a5dcc504
prefill.layer06.head03.qk,957275151,959102590,1827439,2168832,8134656,1.0794169580331072,b079d148a4bab988a0d7dd06a5f1ac2f24f0dfd3481dfad8b1cfe05e702d5e19
prefill.layer06.head03.softmax,959102590,959586709,484119,459216,3397632,0.2885679999599233,6a891bd61f0e9b4b356621894da3879f189f2dc0d89f5099a009855b8100b4e1
prefill.layer06.head03.pv,959586709,960499020,912311,1808640,4686848,0.8182724999496713,51d462dcab318db5f8074ba4c73e2196e270eeb14427419e2b1780f04d73f1c8
prefill.layer06.head04.qk,960499020,962324427,1825407,2168832,8134656,1.051366416970268,6274205d9eb5c9f3a6c128f5ff24ed6981d2d725cc96dca4f97e3d40f0ea764e
prefill.layer06.head04.softmax,962324427,962812335,487908,459216,3397632,0.28052674990613014,6a891bd61f0e9b4b356621894da3879f189f2dc0d89f5099a009855b8100b4e1
prefill.layer06.head04.pv,962812335,963724646,912311,1808640,4686848,0.8152992919785902,3422558ed23cc238793a9371dcb8b5a6fc89ee221cb617f5826a4dbfe9950c64
prefill.layer06.head05.qk,963724646,965550053,1825407,2168832,8134656,1.0561710830079392,a652be7ed1edf4a7263762162bf617c7683038896708cf0879db83bd6e6caa4e
prefill.layer06.head05.softmax,965550053,966037961,487908,459216,3397632,0.28110874991398305,6a891bd61f0e9b4b356621894da3879f189f2dc0d89f5099a009855b8100b4e1
prefill.layer06.head05.pv,966037961,966950272,912311,1808640,4686848,0.8173712500138208,04a44b996b1bb8de87a2414353bbc15cdbc257308b1d8c188ffe32148d5706fe
prefill.layer06.head06.qk,966950272,968775679,1825407,2168832,8134656,1.0504717080621049,445007c5c00e35fba97a32b68031d4ab3aabb579471a6226b4bd81ed9bd9aea9
prefill.layer06.head06.softmax,968775679,969263587,487908,459216,3397632,0.27882854198105633,6a891bd61f0e9b4b356621894da3879f189f2dc0d89f5099a009855b8100b4e1
prefill.layer06.head06.pv,969263587,970175898,912311,1808640,4686848,0.8106272920267656,9044f1c458f0eaf9c4e43dd59155b97ea729a790473e3bb89fa9c88681b704ec
prefill.layer06.head07.qk,970175898,972001305,1825407,2168832,8134656,1.0557767080608755,71321184d7791617c73d0b903c95ccc30f3277a136d7a159f9f1ce29b71b3fb7
prefill.layer06.head07.softmax,972001305,972489213,487908,459216,3397632,0.2836511250352487,6a891bd61f0e9b4b356621894da3879f189f2dc0d89f5099a009855b8100b4e1
prefill.layer06.head07.pv,972489213,973401524,912311,1808640,4686848,0.8112917090766132,4f1b92a5304b305446af987220dd8e04cb41f8283eaa4939058e974c7a9a5908
prefill.layer06.head08.qk,973401524,975226931,1825407,2168832,8134656,1.0501137089449912,bf5b0890153adfab8dc54601d77ed3a37fa69d9f148de9cc08a90cc60affbd5e
prefill.layer06.head08.softmax,975226931,975714839,487908,459216,3397632,0.2800609580008313,6a891bd61f0e9b4b356621894da3879f189f2dc0d89f5099a009855b8100b4e1
prefill.layer06.head08.pv,975714839,976627150,912311,1808640,4686848,0.8245414999546483,4e7e78912c81a1e8c091e7d3817a6330cf52a7ac800f20a1491c397b6728e0b6
prefill.layer06.head09.qk,976627150,978452557,1825407,2168832,8134656,1.073194709024392,87fba0f5690d0b8c9aed00b564c329a29c9766a41feabfa00b9926faaf074547
prefill.layer06.head09.softmax,978452557,978940465,487908,459216,3397632,0.2849958749720827,6a891bd61f0e9b4b356621894da3879f189f2dc0d89f5099a009855b8100b4e1
prefill.layer06.head09.pv,978940465,979852776,912311,1808640,4686848,0.8147228750167415,978d2e4adaae3901bbfeeae35cc9eacbf4eb3d1d46eb5e25a24a0dc6ee7e6f98
prefill.layer06.head10.qk,979852776,981678183,1825407,2168832,8134656,1.0477090410422534,7dd7315181094b6a63177d130466ca5c8418ff3dd2d91d866d66ff6cf03f9983
prefill.layer06.head10.softmax,981678183,982166091,487908,459216,3397632,0.27894762495998293,6a891bd61f0e9b4b356621894da3879f189f2dc0d89f5099a009855b8100b4e1
prefill.layer06.head10.pv,982166091,983078402,912311,1808640,4686848,0.8072117919800803,85ebb5e66b018dd552bfd43118e4474d8253efdb499ae050ddcae2f67bac6a11
prefill.layer06.head11.qk,983078402,984903809,1825407,2168832,8134656,1.0523648330708966,2546a2be68330ae0ae59305d316894a12876b273a2efd4164054904a8fef402b
prefill.layer06.head11.softmax,984903809,985391717,487908,459216,3397632,0.27934637502767146,6a891bd61f0e9b4b356621894da3879f189f2dc0d89f5099a009855b8100b4e1
prefill.layer06.head11.pv,985391717,986304028,912311,1808640,4686848,0.8163878750056028,02f13e9fe0dd5dbbdecbb2074790c68f3db8e6d5c2b9caf36ebed32888776090
prefill.layer06.head12.qk,986304028,988129435,1825407,2168832,8134656,1.0603186659282073,14172fdf591b6ba1884d3d4435bc7461754d717e8c56b38dea16eb5e75a7a707
prefill.layer06.head12.softmax,988129435,988617343,487908,459216,3397632,0.2797649579588324,6a891bd61f0e9b4b356621894da3879f189f2dc0d89f5099a009855b8100b4e1
prefill.layer06.head12.pv,988617343,989529654,912311,1808640,4686848,0.8125070420792326,6692357e3b26b40ce4da1bc9ead8d02b15886f51718c379a009d05921cd2a761
prefill.layer06.head13.qk,989529654,991355061,1825407,2168832,8134656,1.0492778329644352,9bd4cb1c2b76a61704a98cce28efa319d84c6f43ae7df906833a09dc7dbe1f36
prefill.layer06.head13.softmax,991355061,991842969,487908,459216,3397632,0.2804046670207754,6a891bd61f0e9b4b356621894da3879f189f2dc0d89f5099a009855b8100b4e1
prefill.layer06.head13.pv,991842969,992755280,912311,1808640,4686848,0.8083009169204161,e451b5a2a95e672bf9d3c9c3cf520e571c1d12b00aa4d04bdb80b709c242e7fc
prefill.layer06.join_heads,992755280,993713293,958013,1032192,2924544,0.5535474159987643,2c337fa0b2251cb91fdf360a0ca5d096029f42752ab5eecdc5d714008a338285
prefill.layer06.o.pack_activation,993713293,993991065,277772,446208,1949696,0.2214134579990059,2e43949ed4896413e42d0e79d434f0d00addfea513b66b913c60c5f854c91ff9
prefill.layer06.o,993991065,1000266112,6275047,2041088,59726464,1.714268625015393,cfa7e139e283920bc30f13d5b0402d0a1553d618ffac8abcfc6d500e9d96b712
prefill.layer06.attention_residual,1000266112,1000986332,720220,444416,3211264,0.30611124995630234,6492ec382866a5784e89f13947ce3260c02d2ab7b016aaedcea28a433d6cf91e
prefill.layer06.norm2,1000986332,1001504551,518219,522240,3862528,0.318716041976586,d1dab059746523acf36ffcbf311ae348933b3ccf0999718adf85fdf11127f381
prefill.layer06.gate.pack_activation,1001504551,1001782323,277772,446208,1949696,0.2232000830117613,153a767b477450f29449b166d423b0dbc124593a3a58903a36c638792bba98a7
prefill.layer06.gate,1001782323,1033983184,32200861,11080192,324229376,9.276670541032217,3371a596c78a0505cbc35afd33f06a8920069cdcb03964ce99813b4daaed905a
prefill.layer06.up.pack_activation,1033983184,1034262211,279027,446208,1949696,0.2148512500571087,153a767b477450f29449b166d423b0dbc124593a3a58903a36c638792bba98a7
prefill.layer06.up,1034262211,1066516147,32253936,11080192,324229376,9.216871625045314,27a10c19f54297bd9d4bb7391d8009db28b23f00b430b027c758962f4d5b5240
prefill.layer06.swiglu,1066516147,1069716747,3200600,2451456,17432576,1.531912334030494,c22c6ef05e19c2e5f1f30a193daa888d191fb07182f15862c8de1030411cf686
prefill.layer06.down.pack_activation,1069716747,1071219745,1502998,2422272,10584064,1.167168291984126,2b81985b656e1bdc5b0fa4782b8b639710681de3ad738f5b1a5a798b7f8d478d
prefill.layer06.down,1071219745,1092697999,21478254,6540800,230382208,5.971163208945654,8cd47abbb6932889dd765d8fde7ef2847e59a069571c0c23bff47f163630e265
prefill.layer06.ffn_residual,1092697999,1093418612,720613,444416,3211264,0.30355825007427484,6492ec382866a5784e89f13947ce3260c02d2ab7b016aaedcea28a433d6cf91e
prefill.layer07.norm1,1093418612,1093930175,511563,522240,3862528,0.32174408400896937,24710c8fff50d9cca327a301ff6bbc25aed4e8d7679e7a2e3354b7a5f1b28a81
prefill.layer07.q.pack_activation,1093930175,1094208701,278526,446208,1949696,0.22192375001031905,153a767b477450f29449b166d423b0dbc124593a3a58903a36c638792bba98a7
prefill.layer07.q,1094208701,1100530888,6322187,2057216,59787392,1.7117705410346389,8e06746438ebd09ee51d0aef8bca89d727dc1d5f785fabd1035ba63ae0e967c4
prefill.layer07.k.pack_activation,1100530888,1100810120,279232,446208,1949696,0.2147293749731034,153a767b477450f29449b166d423b0dbc124593a3a58903a36c638792bba98a7
prefill.layer07.k,1100810120,1101573895,763775,293888,8541056,0.22658891696482897,3abc17b716f51566fa211faff12631f71ef6bfdf4b6a033fff380fd19663c085
prefill.layer07.v.pack_activation,1101573895,1101853184,279289,446208,1949696,0.2180714999558404,153a767b477450f29449b166d423b0dbc124593a3a58903a36c638792bba98a7
prefill.layer07.v,1101853184,1102603738,750554,293888,8541056,0.23599974997341633,03802aaa8f85e2516eb80830cdef576447faba16f896f6fbc255ae94891fe888
prefill.layer07.rope_q,1102603738,1103441864,838126,860160,3641344,0.5443663749611005,220f4755401cb103c5f9a36aeed092e87dabd589943d9090f5529f4897fc6871
prefill.layer07.rope_k_append,1103441864,1103564236,122372,122880,520192,0.07717675005551428,cc5b85851c41efd6c2cb1c91fb32914e56e61c0d1dcdf397879a854991b8341d
prefill.layer07.v_append,1103564236,1103724326,160090,167936,466944,0.09237816696986556,26c925513acc4c167d5ce6e7c1b6ef7fe2d7dc79ee2193b257468db7a9557618
prefill.layer07.head00.qk,1103724326,1105549116,1824790,2168832,8134656,1.0510859159985557,c153f510bedacea91d6ea86f19d195460d15356f0f4f88d91b1fd00b4127e9ed
prefill.layer07.head00.softmax,1105549116,1106035928,486812,459216,3397632,0.2791260830126703,6a891bd61f0e9b4b356621894da3879f189f2dc0d89f5099a009855b8100b4e1
prefill.layer07.head00.pv,1106035928,1106949348,913420,1808640,4686848,0.8191290410468355,9b32a1eaad4cfb669bbf8451bdbca23c9e462c7f26c8dc0caa15b0c6f8b6f512
prefill.layer07.head01.qk,1106949348,1108778728,1829380,2168832,8134656,1.052746000001207,6874e580007663f5d33b0cd37c3c20c557f746b13a5beaa8f971cdd932bac51f
prefill.layer07.head01.softmax,1108778728,1109265255,486527,459216,3397632,0.2896690838970244,6a891bd61f0e9b4b356621894da3879f189f2dc0d89f5099a009855b8100b4e1
prefill.layer07.head01.pv,1109265255,1110178520,913265,1808640,4686848,0.8287738339276984,3887a855747670281d763ef5bdaefe5fbd2d136e32e553fe4cd76453fcc55c2e
prefill.layer07.head02.qk,1110178520,1112009505,1830985,2168832,8134656,1.0843328749760985,34a4670cf39dd36056d96d59d7fcc9c0a929e3d405508dcdb034421eb703dac9
prefill.layer07.head02.softmax,1112009505,1112496040,486535,459216,3397632,0.29173024999909103,6a891bd61f0e9b4b356621894da3879f189f2dc0d89f5099a009855b8100b4e1
prefill.layer07.head02.pv,1112496040,1113407950,911910,1808640,4686848,0.8432051669806242,e7bd04be9b14c97ab54cee33f29abef55472d87f5c2c627d982fcfb681176558
prefill.layer07.head03.qk,1113407950,1115240398,1832448,2168832,8134656,1.0879116660216823,3480eaa0c75eb413b269ea372478ce57361674fe1cedd0c2b4344e5a2232f17a
prefill.layer07.head03.softmax,1115240398,1115726247,485849,459216,3397632,0.2824783750111237,6a891bd61f0e9b4b356621894da3879f189f2dc0d89f5099a009855b8100b4e1
prefill.layer07.head03.pv,1115726247,1116641113,914866,1808640,4686848,0.809797125053592,bc5e52e6ea9155aff7baf1e3e8f03d3b22b65216849442813089d440908ef843
prefill.layer07.head04.qk,1116641113,1118471223,1830110,2168832,8134656,1.0583130000159144,9f3516f3f0b66470d2b9c4b02e0b2d7f96770739e0e36182c464804dd1a5aa08
prefill.layer07.head04.softmax,1118471223,1118957835,486612,459216,3397632,0.2787940420676023,6a891bd61f0e9b4b356621894da3879f189f2dc0d89f5099a009855b8100b4e1
prefill.layer07.head04.pv,1118957835,1119869264,911429,1808640,4686848,0.8081805830588564,aba6757b8d811e0739b17e9123168e70296e5f51bd95f26d5a70c57309e8a15b
prefill.layer07.head05.qk,1119869264,1121692706,1823442,2168832,8134656,1.0541994160739705,d1a0f3c2eba066e1545ee49eff07fbf95b8c1086a2977f8cbe08f662962838df
prefill.layer07.head05.softmax,1121692706,1122179076,486370,459216,3397632,0.27943637501448393,6a891bd61f0e9b4b356621894da3879f189f2dc0d89f5099a009855b8100b4e1
prefill.layer07.head05.pv,1122179076,1123091608,912532,1808640,4686848,0.808106999960728,07551e0ffef080cd79e4730bda2d6c205e83889d0bbafe0ca990f4f322e2fa12
prefill.layer07.head06.qk,1123091608,1124917444,1825836,2168832,8134656,1.0610186669509858,86e40490413045074e2e03f07642fd3b7a39056d90fec83a48e4fa72992b01b8
prefill.layer07.head06.softmax,1124917444,1125406297,488853,459216,3397632,0.2825478339800611,6a891bd61f0e9b4b356621894da3879f189f2dc0d89f5099a009855b8100b4e1
prefill.layer07.head06.pv,1125406297,1126319924,913627,1808640,4686848,0.8136946250451729,006729b02419b5106234e747b398a45b6c969d6a4f5c2cc21abe9a3d5c211ffe
prefill.layer07.head07.qk,1126319924,1128152640,1832716,2168832,8134656,1.0635083329398185,1bcaa32f5233aa5b25722205cba5c9f0bd1fde3cc3ac10d32451d01463cda1e6
prefill.layer07.head07.softmax,1128152640,1128641329,488689,459216,3397632,0.2798295000102371,6a891bd61f0e9b4b356621894da3879f189f2dc0d89f5099a009855b8100b4e1
prefill.layer07.head07.pv,1128641329,1129553303,911974,1808640,4686848,0.8159438339062035,9fbf9ea29ba4f4dcdde1c15f3eb61dbf5740df76cc6ad9add82c6e2108fbbe20
prefill.layer07.head08.qk,1129553303,1131387262,1833959,2168832,8134656,1.0808283750666305,0aacf107d40d126ab397e9a208da6bbe76be40f6c22d6db74b6d3fa0d88237a7
prefill.layer07.head08.softmax,1131387262,1131872782,485520,459216,3397632,0.2773781670257449,6a891bd61f0e9b4b356621894da3879f189f2dc0d89f5099a009855b8100b4e1
prefill.layer07.head08.pv,1131872782,1132785863,913081,1808640,4686848,0.8066250840201974,2fa7edce1b19ee62a8bdb397e480c95772b5499f44a1ac879794cf3cb25f6d69
