71,memory.read,0,80000000,00000000
85,collect,0,80000000,2e1080d7
90,collect,0,80000004,900002b7
90,writeback,0,80000000,2e1080d7
92,collect,0,80000008,5208a557
92,writeback,0,80000004,900002b7
94,writeback,0,80000008,5208a557
95,collect,0,8000000c,96a13557
99,writeback,0,8000000c,96a13557
100,collect,0,80000010,02a2c557
104,collect,0,80000014,90001337
104,writeback,0,80000010,02a2c557
106,collect,0,80000018,5208a5d7
106,writeback,0,80000014,90001337
108,writeback,0,80000018,5208a5d7
109,collect,0,8000001c,96b135d7
113,writeback,0,8000001c,96b135d7
114,collect,0,80000020,02b345d7
118,collect,0,80000024,08000393
118,writeback,0,80000020,02b345d7
122,collect,0,80000028,70000437
122,writeback,0,80000024,08000393
124,collect,0,8000002c,5208a657
124,writeback,0,80000028,70000437
126,writeback,0,8000002c,5208a657
127,collect,0,80000030,96c23657
131,writeback,0,80000030,96c23657
132,collect,0,80000034,02c44657
136,collect,0,80000038,700004b7
136,writeback,0,80000034,02c44657
138,writeback,0,80000038,700004b7
139,collect,0,8000003c,20048493
143,collect,0,80000040,5208a6d7
143,writeback,0,8000003c,20048493
145,writeback,0,80000040,5208a6d7
146,collect,0,80000044,96d236d7
150,writeback,0,80000044,96d236d7
151,collect,0,80000048,02d4c6d7
155,collect,0,8000004c,0005217b
155,writeback,0,80000048,02d4c6d7
159,collect,0,80000050,0005a1fb
160,lsu.issue,0,8000004c,0005217b
260,lsu.issue,0,80000050,0005a1fb
266,memory.read,0,90000000,00000000
269,memory.read,0,90001000,00000000
279,writeback,0,8000004c,0005217b
280,collect,0,80000054,0026607b
282,writeback,0,80000050,0005a1fb
284,collect,0,80000058,0006217b
285,lsu.issue,0,80000054,0026607b
288,collect,0,8000005c,0036e07b
294,collect,0,80000060,0006a1fb
294,lsu.issue,0,80000058,0006217b
296,store.complete,0,80000054,0026607b
298,memory.read,0,80000080,00000000
300,collect,0,80000064,02a3c557
300,lsu.issue,0,8000005c,0036e07b
303,writeback,0,80000058,0006217b
304,collect,0,80000068,02b3c5d7
304,writeback,0,80000064,02a3c557
308,writeback,0,80000068,02b3c5d7
309,lsu.issue,0,80000060,0006a1fb
311,store.complete,0,8000005c,0036e07b
317,writeback,0,80000060,0006a1fb
318,collect,0,8000006c,0e31408b
322,collect,0,80000070,0005217b
326,collect,0,80000074,0005a1fb
327,lsu.issue,0,80000070,0005217b
331,lsu.issue,0,80000074,0005a1fb
333,writeback,0,8000006c,0e31408b
336,memory.read,0,90000080,00000000
340,memory.read,0,90001080,00000000
349,writeback,0,80000070,0005217b
350,collect,0,80000078,0026607b
353,writeback,0,80000074,0005a1fb
354,collect,0,8000007c,0006217b
355,lsu.issue,0,80000078,0026607b
358,collect,0,80000080,0036e07b
364,collect,0,80000084,0006a1fb
364,lsu.issue,0,8000007c,0006217b
366,store.complete,0,80000078,0026607b
370,collect,0,80000088,02a3c557
370,lsu.issue,0,80000080,0036e07b
373,writeback,0,8000007c,0006217b
374,collect,0,8000008c,02b3c5d7
374,writeback,0,80000088,02a3c557
378,writeback,0,8000008c,02b3c5d7
379,lsu.issue,0,80000084,0006a1fb
381,store.complete,0,80000080,0036e07b
387,writeback,0,80000084,0006a1fb
388,collect,0,80000090,0e31408b
392,collect,0,80000094,0005217b
396,collect,0,80000098,0005a1fb
397,lsu.issue,0,80000094,0005217b
401,lsu.issue,0,80000098,0005a1fb
403,writeback,0,80000090,0e31408b
406,memory.read,0,90000100,00000000
410,memory.read,0,90001100,00000000
419,writeback,0,80000094,0005217b
420,collect,0,8000009c,0026607b
423,writeback,0,80000098,0005a1fb
424,collect,0,800000a0,0006217b
425,lsu.issue,0,8000009c,0026607b
428,collect,0,800000a4,0036e07b
434,collect,0,800000a8,0006a1fb
434,lsu.issue,0,800000a0,0006217b
436,store.complete,0,8000009c,0026607b
440,collect,0,800000ac,02a3c557
440,lsu.issue,0,800000a4,0036e07b
443,writeback,0,800000a0,0006217b
444,collect,0,800000b0,02b3c5d7
444,writeback,0,800000ac,02a3c557
448,writeback,0,800000b0,02b3c5d7
449,lsu.issue,0,800000a8,0006a1fb
451,store.complete,0,800000a4,0036e07b
457,writeback,0,800000a8,0006a1fb
458,collect,0,800000b4,0e31408b
462,collect,0,800000b8,0005217b
466,collect,0,800000bc,0005a1fb
467,lsu.issue,0,800000b8,0005217b
471,lsu.issue,0,800000bc,0005a1fb
473,writeback,0,800000b4,0e31408b
476,memory.read,0,90000180,00000000
480,memory.read,0,90001180,00000000
489,writeback,0,800000b8,0005217b
490,collect,0,800000c0,0026607b
493,writeback,0,800000bc,0005a1fb
494,collect,0,800000c4,0006217b
495,lsu.issue,0,800000c0,0026607b
498,collect,0,800000c8,0036e07b
504,collect,0,800000cc,0006a1fb
504,lsu.issue,0,800000c4,0006217b
506,store.complete,0,800000c0,0026607b
510,lsu.issue,0,800000c8,0036e07b
513,writeback,0,800000c4,0006217b
519,lsu.issue,0,800000cc,0006a1fb
521,store.complete,0,800000c8,0036e07b
527,writeback,0,800000cc,0006a1fb
528,collect,0,800000d0,0e31408b
532,collect,0,800000d4,90002137
534,collect,0,800000d8,5208a757
534,writeback,0,800000d4,90002137
536,writeback,0,800000d8,5208a757
537,collect,0,800000dc,96e13757
541,writeback,0,800000dc,96e13757
542,collect,0,800000e0,02e14757
543,writeback,0,800000d0,0e31408b
546,writeback,0,800000e0,02e14757
547,collect,0,800000e4,0017607b
547,memory.read,0,80000100,00000000
551,collect,0,800000e8,0000400b
552,lsu.issue,0,800000e4,0017607b
552,end,0,800000e8,0000400b
554,host.finish,0,00000000,00000000
557,store.complete,0,800000e4,0017607b
561,memory.read,0,90002000,00000000
571,memory.write,0,90002000,00000000
